Kind,Name,AvgCyclomatic,MaxCyclomatic,AvgCountLineCode,CountLineCode,RatioCommentToCode,CountLineComment,CountDeclClass,CountDeclMethod,CountLineCodeExe,MaxNesting
Unknown Class,"ABCMeta",,,,,0.00,,,,,
Unknown Class,"AvroGenericCoder",,,,,0.00,,,,,
Unknown Class,"Coder",,,,,0.00,,,,,
Unknown Class,"CombineFn",,,,,0.00,,,,,
Unknown Class,"CombineFn",,,,,0.00,,,,,
Unknown Class,"CombineFn",,,,,0.00,,,,,
Unknown Class,"CombineFn",,,,,0.00,,,,,
Unknown Class,"CountCombineFn",,,,,0.00,,,,,
Unknown Class,"DoFn",,,,,0.00,,,,,
Unknown Class,"DoFn",,,,,0.00,,,,,
Unknown Class,"DoFn",,,,,0.00,,,,,
Unknown Class,"DoFn",,,,,0.00,,,,,
Unknown Class,"DoFn",,,,,0.00,,,,,
Unknown Class,"DoFn",,,,,0.00,,,,,
Unknown Class,"DoFn",,,,,0.00,,,,,
Unknown Class,"DoFn",,,,,0.00,,,,,
Unknown Class,"ExtraAssertionsMixin",,,,,0.00,,,,,
Unknown Class,"FixedWindows",,,,,0.00,,,,,
Unknown Class,"Generic",,,,,0.00,,,,,
Unknown Class,"Message",,,,,0.00,,,,,
Unknown Class,"NonMergingWindowFn",,,,,0.00,,,,,
Unknown Class,"PTransform",,,,,0.00,,,,,
Unknown Class,"PTransform",,,,,0.00,,,,,
Unknown Class,"PTransform",,,,,0.00,,,,,
Unknown Class,"PTransform",,,,,0.00,,,,,
Unknown Class,"PTransform",,,,,0.00,,,,,
Unknown Class,"PTransform",,,,,0.00,,,,,
Unknown Class,"PTransform",,,,,0.00,,,,,
Unknown Class,"ParDo",,,,,0.00,,,,,
Unknown Class,"PipelineOptions",,,,,0.00,,,,,
Unknown Class,"PipelineRunner",,,,,0.00,,,,,
Unknown Class,"PipelineRunner",,,,,0.00,,,,,
Unknown Class,"PipelineVisitor",,,,,0.00,,,,,
Unknown Class,"RunnerApiFn",,,,,0.00,,,,,
Unknown Class,"SourceBase",,,,,0.00,,,,,
Unknown Class,"TestCase",,,,,0.00,,,,,
Unknown Class,"TestCase",,,,,0.00,,,,,
Unknown Class,"TestCase",,,,,0.00,,,,,
Unknown Class,"TestCase",,,,,0.00,,,,,
Unknown Class,"TestCase",,,,,0.00,,,,,
Unknown Class,"TestCase",,,,,0.00,,,,,
Unknown Class,"TestCase",,,,,0.00,,,,,
Unknown Class,"TestCase",,,,,0.00,,,,,
Unknown Class,"TestCase",,,,,0.00,,,,,
Unknown Class,"TestCase",,,,,0.00,,,,,
Unknown Class,"TestCase",,,,,0.00,,,,,
Unknown Class,"TestCase",,,,,0.00,,,,,
Unknown Class,"TestCase",,,,,0.00,,,,,
Unknown Class,"TestCase",,,,,0.00,,,,,
Unknown Class,"TextSink",,,,,0.00,,,,,
Unknown Class,"TopCombineFn",,,,,0.00,,,,,
Unknown Class,"_TestCaseWithTempDirCleanUp",,,,,0.00,,,,,
Unknown Class,"_TransformEvaluator",,,,,0.00,,,,,
Class,"approximatequantiles.ApproximateQuantiles",2,5,5,205,0.00,0,,5,154,2
Class,"approximatequantiles.ApproximateQuantiles.ApproximateQuantilesCombineFn",1,2,3,39,0.00,0,,10,25,1
Function,"approximatequantiles.ApproximateQuantiles.ApproximateQuantilesCombineFn.__init__",,,,9,0.00,0,,,8,0
Function,"approximatequantiles.ApproximateQuantiles.ApproximateQuantilesCombineFn.create",,,,2,0.00,0,,,1,0
Function,"approximatequantiles.ApproximateQuantiles.ApproximateQuantilesCombineFn.create",,,,7,0.00,0,,,6,1
Function,"approximatequantiles.ApproximateQuantiles.ApproximateQuantilesCombineFn.createAccumulator",,,,2,0.00,0,,,1,0
Function,"approximatequantiles.ApproximateQuantiles.ApproximateQuantilesCombineFn.createComparable",,,,2,0.00,0,,,1,0
Function,"approximatequantiles.ApproximateQuantiles.ApproximateQuantilesCombineFn.getAccumulatorCoder",,,,2,0.00,0,,,1,0
Function,"approximatequantiles.ApproximateQuantiles.ApproximateQuantilesCombineFn.getBufferSize",,,,2,0.00,0,,,1,0
Function,"approximatequantiles.ApproximateQuantiles.ApproximateQuantilesCombineFn.getNumBuffers",,,,2,0.00,0,,,1,0
Function,"approximatequantiles.ApproximateQuantiles.ApproximateQuantilesCombineFn.populateDisplayData",,,,4,0.00,0,,,3,0
Function,"approximatequantiles.ApproximateQuantiles.ApproximateQuantilesCombineFn.withEpsilon",,,,2,0.00,0,,,1,0
Class,"approximatequantiles.ApproximateQuantiles.QuantileBuffer",1,1,3,9,0.00,0,,3,5,0
Function,"approximatequantiles.ApproximateQuantiles.QuantileBuffer.__init__",,,,4,0.00,0,,,3,0
Function,"approximatequantiles.ApproximateQuantiles.QuantileBuffer.__str__",,,,2,0.00,0,,,1,0
Function,"approximatequantiles.ApproximateQuantiles.QuantileBuffer.sizedIterator",,,,2,0.00,0,,,1,0
Class,"approximatequantiles.ApproximateQuantiles.QuantileState",3,5,8,91,0.00,0,,11,78,2
Function,"approximatequantiles.ApproximateQuantiles.QuantileState.__init__",,,,9,0.00,0,,,8,0
Function,"approximatequantiles.ApproximateQuantiles.QuantileState.addInput",,,,8,0.00,0,,,7,1
Function,"approximatequantiles.ApproximateQuantiles.QuantileState.addUnbuffered",,,,7,0.00,0,,,6,1
Function,"approximatequantiles.ApproximateQuantiles.QuantileState.collapse",,,,8,0.00,0,,,7,1
Function,"approximatequantiles.ApproximateQuantiles.QuantileState.collapseIfNeeded",,,,7,0.00,0,,,6,2
Function,"approximatequantiles.ApproximateQuantiles.QuantileState.empty",,,,2,0.00,0,,,1,0
Function,"approximatequantiles.ApproximateQuantiles.QuantileState.extractOutput",,,,16,0.00,0,,,15,1
Function,"approximatequantiles.ApproximateQuantiles.QuantileState.interpolate",,,,13,0.00,0,,,12,2
Function,"approximatequantiles.ApproximateQuantiles.QuantileState.isEmpty",,,,2,0.00,0,,,1,0
Function,"approximatequantiles.ApproximateQuantiles.QuantileState.mergeAccumulator",,,,11,0.00,0,,,10,1
Function,"approximatequantiles.ApproximateQuantiles.QuantileState.offset",,,,6,0.00,0,,,5,1
Class,"approximatequantiles.ApproximateQuantiles.QuantileStateCoder",1,3,6,51,0.00,0,,9,41,1
Function,"approximatequantiles.ApproximateQuantiles.QuantileStateCoder.__init__",,,,5,0.00,0,,,4,0
Function,"approximatequantiles.ApproximateQuantiles.QuantileStateCoder.decode",,,,9,0.00,0,,,8,0
Function,"approximatequantiles.ApproximateQuantiles.QuantileStateCoder.decodeBuffer",,,,3,0.00,0,,,2,0
Function,"approximatequantiles.ApproximateQuantiles.QuantileStateCoder.encode",,,,9,0.00,0,,,8,1
Function,"approximatequantiles.ApproximateQuantiles.QuantileStateCoder.encodeBuffer",,,,5,0.00,0,,,4,0
Function,"approximatequantiles.ApproximateQuantiles.QuantileStateCoder.equals",,,,6,0.00,0,,,5,1
Function,"approximatequantiles.ApproximateQuantiles.QuantileStateCoder.hashCode",,,,2,0.00,0,,,1,0
Function,"approximatequantiles.ApproximateQuantiles.QuantileStateCoder.registerByteSizeObserver",,,,8,0.00,0,,,7,1
Function,"approximatequantiles.ApproximateQuantiles.QuantileStateCoder.verifyDeterministic",,,,3,0.00,0,,,2,0
Function,"approximatequantiles.ApproximateQuantiles.__init__",,,,2,0.00,0,,,1,0
Function,"approximatequantiles.ApproximateQuantiles.globally",,,,2,0.00,0,,,1,0
Function,"approximatequantiles.ApproximateQuantiles.globallyComparable",,,,2,0.00,0,,,1,0
Function,"approximatequantiles.ApproximateQuantiles.perKey",,,,2,0.00,0,,,1,0
Function,"approximatequantiles.ApproximateQuantiles.perKeyComparable",,,,2,0.00,0,,,1,0
Module File,"approximatequantiles.py",2,5,5,211,0.00,0,5,,158,2
Module File,"approximatequantiles_test.py",2,2,0,3,0.00,0,0,,2,1
Class,"approximateunique.ApproximateUnique",1,5,4,118,0.19,22,,6,81,2
Class,"approximateunique.ApproximateUnique.ApproximateUniqueCombineFn",2,5,5,55,0.22,12,,7,41,2
Class,"approximateunique.ApproximateUnique.ApproximateUniqueCombineFn.LargestUnique",2,5,7,29,0.10,3,,4,24,2
Function,"approximateunique.ApproximateUnique.ApproximateUniqueCombineFn.LargestUnique.__init__",,,,4,0.50,2,,,3,0
Function,"approximateunique.ApproximateUnique.ApproximateUniqueCombineFn.LargestUnique.add",,,,10,0.00,0,,,9,2
Function,"approximateunique.ApproximateUnique.ApproximateUniqueCombineFn.LargestUnique.calculateSampleSpaceSize",,,,2,0.50,1,,,1,0
Function,"approximateunique.ApproximateUnique.ApproximateUniqueCombineFn.LargestUnique.getEstimate",,,,12,0.00,0,,,11,1
Function,"approximateunique.ApproximateUnique.ApproximateUniqueCombineFn.__init__",,,,3,0.33,1,,,2,0
Function,"approximateunique.ApproximateUnique.ApproximateUniqueCombineFn.addInput",,,,7,0.43,3,,,6,1
Function,"approximateunique.ApproximateUnique.ApproximateUniqueCombineFn.createAccumulator",,,,2,0.00,0,,,1,0
Function,"approximateunique.ApproximateUnique.ApproximateUniqueCombineFn.extractOutput",,,,2,0.00,0,,,1,0
Function,"approximateunique.ApproximateUnique.ApproximateUniqueCombineFn.getAccumulatorCoder",,,,2,0.50,1,,,1,0
Function,"approximateunique.ApproximateUnique.ApproximateUniqueCombineFn.hashElement",,,,2,1.50,3,,,1,0
Function,"approximateunique.ApproximateUnique.ApproximateUniqueCombineFn.mergeAccumulators",,,,5,0.00,0,,,4,1
Class,"approximateunique.ApproximateUnique.Globally",1,2,5,19,0.16,3,,4,14,1
Function,"approximateunique.ApproximateUnique.Globally.__init__",,,,4,0.25,1,,,3,0
Function,"approximateunique.ApproximateUnique.Globally.expand",,,,3,0.33,1,,,2,0
Function,"approximateunique.ApproximateUnique.Globally.populateDisplayData",,,,3,0.33,1,,,2,0
Function,"approximateunique.ApproximateUnique.Globally.validateSampleSize",,,,8,0.00,0,,,7,1
Class,"approximateunique.ApproximateUnique.PerKey",2,2,6,23,0.22,5,,4,18,1
Function,"approximateunique.ApproximateUnique.PerKey.__init__",,,,4,0.25,1,,,3,0
Function,"approximateunique.ApproximateUnique.PerKey.expand",,,,8,0.38,3,,,7,1
Function,"approximateunique.ApproximateUnique.PerKey.populateDisplayData",,,,3,0.33,1,,,2,0
Function,"approximateunique.ApproximateUnique.PerKey.validateSampleSize",,,,7,0.00,0,,,6,1
Function,"approximateunique.ApproximateUnique.globally",,,,2,0.00,0,,,1,0
Function,"approximateunique.ApproximateUnique.globally",,,,2,0.00,0,,,1,0
Function,"approximateunique.ApproximateUnique.perKey",,,,2,0.00,0,,,1,0
Function,"approximateunique.ApproximateUnique.perKey",,,,2,0.00,0,,,1,0
Function,"approximateunique.ApproximateUnique.populateDisplayData",,,,4,0.50,2,,,3,1
Function,"approximateunique.ApproximateUnique.sampleSizeFromEstimationError",,,,2,0.00,0,,,1,0
Module File,"approximateunique.py",1,5,4,120,0.19,23,5,,81,2
Module File,"approximateunique_test.py",2,2,0,3,0.00,0,0,,2,1
Class,"bigtableio.WriteToBigTable",2,2,16,18,1.22,22,,1,10,1
Function,"bigtableio.WriteToBigTable.__init__",,,,16,0.88,14,,,9,1
Class,"bigtableio._BigTableWriteFn",1,3,8,76,0.17,13,,9,66,1
Function,"bigtableio._BigTableWriteFn.__getstate__",,,,2,0.00,0,,,1,0
Function,"bigtableio._BigTableWriteFn.__init__",,,,11,0.55,6,,,10,0
Function,"bigtableio._BigTableWriteFn.__setstate__",,,,6,0.00,0,,,5,0
Function,"bigtableio._BigTableWriteFn.display_data",,,,9,0.00,0,,,8,0
Function,"bigtableio._BigTableWriteFn.finish_bundle",,,,9,0.00,0,,,8,1
Function,"bigtableio._BigTableWriteFn.process",,,,3,0.00,0,,,2,0
Function,"bigtableio._BigTableWriteFn.start_bundle",,,,14,0.00,0,,,13,1
Function,"bigtableio._BigTableWriteFn.start_service_call_metrics",,,,15,0.00,0,,,14,0
Function,"bigtableio._BigTableWriteFn.write_mutate_metrics",,,,6,0.00,0,,,5,1
Module File,"bigtableio.py",1,3,9,109,0.33,36,2,,79,1
Class,"bigtableio_test.TestBeamRowToPartialRowData",1,1,41,42,0.00,0,,1,40,0
Function,"bigtableio_test.TestBeamRowToPartialRowData.test_beam_row_to_bigtable_row",,,,41,0.00,0,,,40,0
Class,"bigtableio_test.TestBigtableDirectRowToBeamRow",2,4,26,104,0.00,0,,4,99,2
Function,"bigtableio_test.TestBigtableDirectRowToBeamRow.test_delete_cells",,,,42,0.00,0,,,41,2
Function,"bigtableio_test.TestBigtableDirectRowToBeamRow.test_delete_column_family",,,,18,0.00,0,,,17,1
Function,"bigtableio_test.TestBigtableDirectRowToBeamRow.test_delete_row",,,,7,0.00,0,,,6,0
Function,"bigtableio_test.TestBigtableDirectRowToBeamRow.test_set_cell",,,,35,0.00,0,,,34,1
Class,"bigtableio_test.TestWriteBigTable",2,3,18,94,0.02,2,,5,87,2
Function,"bigtableio_test.TestWriteBigTable.generate_row",,,,12,0.00,0,,,11,1
Function,"bigtableio_test.TestWriteBigTable.setUp",,,,4,0.00,0,,,3,0
Function,"bigtableio_test.TestWriteBigTable.test_write",,,,11,0.00,0,,,10,1
Function,"bigtableio_test.TestWriteBigTable.test_write_metrics",,,,35,0.03,1,,,34,2
Function,"bigtableio_test.TestWriteBigTable.verify_write_call_metric",,,,27,0.04,1,,,25,2
Module File,"bigtableio_test.py",2,4,23,274,0.01,3,3,,232,2
Abstract Class,"coders.Coder",1,3,3,75,0.16,12,,14,48,2
Class,"coders.Coder.Context",1,2,2,15,0.27,4,,5,9,1
Function,"coders.Coder.Context.__eq__",,,,4,0.25,1,,,3,1
Function,"coders.Coder.Context.__hash__",,,,2,0.50,1,,,1,0
Function,"coders.Coder.Context.__init__",,,,2,0.00,0,,,1,0
Function,"coders.Coder.Context.__str__",,,,2,0.00,0,,,1,0
Function,"coders.Coder.Context.nested",,,,2,0.00,0,,,1,0
Class,"coders.Coder.NonDeterministicException",1,1,3,10,0.00,0,,3,6,0
Function,"coders.Coder.NonDeterministicException.__init__",,,,4,0.00,0,,,3,0
Function,"coders.Coder.NonDeterministicException.get_message",,,,3,0.00,0,,,2,0
Function,"coders.Coder.NonDeterministicException.get_reasons",,,,2,0.00,0,,,1,0
Function,"coders.Coder.consistent_with_equals",,,,2,0.00,0,,,1,0
Function,"coders.Coder.decode",,,,2,0.50,1,,,1,0
Function,"coders.Coder.decode_with_context",,,,2,0.00,0,,,1,0
Function,"coders.Coder.encode",,,,2,0.50,1,,,1,0
Function,"coders.Coder.encode_with_context",,,,2,0.00,0,,,1,0
Function,"coders.Coder.get_coder_arguments",,,,2,0.50,1,,,1,0
Function,"coders.Coder.get_encoded_element_byte_size",,,,8,0.13,1,,,7,1
Function,"coders.Coder.get_encoded_type_descriptor",,,,2,0.00,0,,,1,0
Function,"coders.Coder.is_register_byte_size_observer_cheap",,,,2,0.00,0,,,1,0
Function,"coders.Coder.register_byte_size_observer",,,,2,0.00,0,,,1,0
Function,"coders.Coder.structural_value",,,,11,0.09,1,,,10,2
Function,"coders.Coder.verify_deterministic",,,,2,0.50,1,,,1,0
Function,"coders.Coder.verify_deterministic_static",,,,6,0.17,1,,,5,2
Function,"coders.Coder.verify_deterministic_static_varargs",,,,2,0.00,0,,,1,0
Module File,"coders.py",1,3,3,77,0.16,12,3,,49,2
Class,"coders_test.AvroCoderTest",1,1,20,21,0.00,0,,1,19,0
Function,"coders_test.AvroCoderTest.test_avro_record_coder",,,,20,0.00,0,,,19,0
Class,"coders_test.AvroTestCoder",1,1,2,12,0.00,0,,1,10,0
Function,"coders_test.AvroTestCoder.__init__",,,,2,0.00,0,,,1,0
Class,"coders_test.AvroTestRecord",0,0,0,2,0.00,0,,0,1,0
Class,"coders_test.CodersTest",1,1,5,6,0.00,0,,1,4,0
Function,"coders_test.CodersTest.test_str_utf8_coder",,,,5,0.00,0,,,4,0
Class,"coders_test.DeterministicProtoCoderTest",3,4,12,24,0.00,0,,2,21,2
Function,"coders_test.DeterministicProtoCoderTest.test_deterministic_proto_coder",,,,12,0.00,0,,,11,0
Function,"coders_test.DeterministicProtoCoderTest.test_deterministic_proto_coder_determinism",,,,11,0.00,0,,,10,2
Class,"coders_test.DummyClass",1,2,3,9,0.11,1,,3,5,1
Function,"coders_test.DummyClass.__eq__",,,,4,0.00,0,,,3,1
Function,"coders_test.DummyClass.__hash__",,,,2,0.00,0,,,1,0
Function,"coders_test.DummyClass.__init__",,,,2,0.00,0,,,1,0
Class,"coders_test.FallbackCoderTest",1,1,3,4,0.25,1,,1,2,0
Function,"coders_test.FallbackCoderTest.test_default_fallback_path",,,,3,0.33,1,,,2,0
Class,"coders_test.LengthPrefixCoderTest",1,1,3,4,0.00,0,,1,2,0
Function,"coders_test.LengthPrefixCoderTest.test_to_type_hint",,,,3,0.00,0,,,2,0
Class,"coders_test.NullableCoderTest",1,1,9,10,0.00,0,,1,8,1
Function,"coders_test.NullableCoderTest.test_determinism",,,,9,0.00,0,,,8,1
Class,"coders_test.PickleCoderTest",1,1,7,15,0.00,0,,2,12,0
Function,"coders_test.PickleCoderTest.test_basics",,,,9,0.00,0,,,8,0
Function,"coders_test.PickleCoderTest.test_equality",,,,5,0.00,0,,,4,0
Class,"coders_test.ProtoCoderTest",1,1,10,11,0.00,0,,1,9,0
Function,"coders_test.ProtoCoderTest.test_proto_coder",,,,10,0.00,0,,,9,0
Class,"coders_test.ProtoPlusCoderTest",3,4,11,22,0.09,2,,2,19,2
Function,"coders_test.ProtoPlusCoderTest.test_proto_plus_coder",,,,10,0.00,0,,,9,0
Function,"coders_test.ProtoPlusCoderTest.test_proto_plus_coder_determinism",,,,11,0.18,2,,,10,2
Class,"coders_test.ProtoPlusMessageA",0,0,0,3,0.00,0,,0,2,0
Class,"coders_test.ProtoPlusMessageB",0,0,0,2,0.00,0,,0,1,0
Class,"coders_test.ProtoPlusMessageWithMap",0,0,0,2,0.00,0,,0,1,0
Module File,"coders_test.py",1,4,7,161,0.02,4,15,,120,2
Class,"combiners.Combine",1,1,3,30,0.07,2,,4,15,0
Class,"combiners.Combine.Globally",1,1,4,9,0.11,1,,2,6,0
Function,"combiners.Combine.Globally.__init__",,,,6,0.00,0,,,5,0
Function,"combiners.Combine.Globally.expand",,,,2,0.50,1,,,1,0
Class,"combiners.Combine.PerKey",1,1,4,8,0.13,1,,2,5,0
Function,"combiners.Combine.PerKey.__init__",,,,5,0.00,0,,,4,0
Function,"combiners.Combine.PerKey.expand",,,,2,0.50,1,,,1,0
Function,"combiners.Combine.globally",,,,2,0.00,0,,,1,0
Function,"combiners.Combine.globally_with_fn",,,,2,0.00,0,,,1,0
Function,"combiners.Combine.per_key",,,,2,0.00,0,,,1,0
Function,"combiners.Combine.per_key_with_fn",,,,2,0.00,0,,,1,0
Class,"combiners.IterableCombineFn",1,2,3,23,0.00,0,,8,13,1
Function,"combiners.IterableCombineFn.__init__",,,,3,0.00,0,,,2,0
Function,"combiners.IterableCombineFn.add_input",,,,6,0.00,0,,,5,1
Function,"combiners.IterableCombineFn.compact",,,,2,0.00,0,,,1,0
Function,"combiners.IterableCombineFn.create_accumulator",,,,2,0.00,0,,,1,0
Function,"combiners.IterableCombineFn.extract_output",,,,2,0.00,0,,,1,0
Function,"combiners.IterableCombineFn.merge_accumulators",,,,2,0.00,0,,,1,0
Function,"combiners.IterableCombineFn.merge_to_singleton",,,,2,0.00,0,,,1,0
Function,"combiners.IterableCombineFn.of",,,,2,0.00,0,,,1,0
Module File,"combiners.py",1,2,3,67,0.03,2,4,,35,1
Class,"combiners_test.CombineGloballyTest",1,1,18,37,0.00,0,,2,34,2
Function,"combiners_test.CombineGloballyTest.test_combine_globally_for_unbounded_source_with_default",,,,19,0.00,0,,,18,2
Function,"combiners_test.CombineGloballyTest.test_combine_globally_for_unbounded_source_without_defaults",,,,17,0.00,0,,,16,1
Class,"combiners_test.CombineTest",1,5,11,371,0.00,0,,27,327,2
Function,"combiners_test.CombineTest.test_MeanCombineFn_combine",,,,14,0.00,0,,,13,1
Function,"combiners_test.CombineTest.test_MeanCombineFn_combine_empty",,,,11,0.00,0,,,10,1
Function,"combiners_test.CombineTest.test_basic_combiners_display_data",,,,10,0.00,0,,,9,0
Function,"combiners_test.CombineTest.test_combine_globally_display_data",,,,9,0.00,0,,,8,0
Function,"combiners_test.CombineTest.test_combine_globally_with_default",,,,3,0.00,0,,,2,1
Function,"combiners_test.CombineTest.test_combine_globally_with_default_side_input",,,,11,0.00,0,,,8,1
Class,"combiners_test.CombineTest.test_combine_globally_with_default_side_input.SideInputCombine",1,1,4,5,0.00,0,,1,3,0
Function,"combiners_test.CombineTest.test_combine_globally_with_default_side_input.SideInputCombine.expand",,,,4,0.00,0,,,3,0
Function,"combiners_test.CombineTest.test_combine_globally_without_default",,,,4,0.00,0,,,3,1
Function,"combiners_test.CombineTest.test_combine_per_key_top_display_data",,,,14,0.00,0,,,12,0
Function,"combiners_test.CombineTest.test_combine_per_key_top_display_data.individual_test_per_key_dd",,,,9,0.00,0,,,8,0
Function,"combiners_test.CombineTest.test_combine_sample_display_data",,,,10,0.00,0,,,8,0
Function,"combiners_test.CombineTest.test_combine_sample_display_data.individual_test_per_key_dd",,,,7,0.00,0,,,6,1
Function,"combiners_test.CombineTest.test_combining_with_sliding_windows_and_fanout_raises_error",,,,20,0.00,0,,,19,2
Function,"combiners_test.CombineTest.test_custormized_counters_in_combine_fn",,,,40,0.00,0,,,39,1
Function,"combiners_test.CombineTest.test_custormized_counters_in_combine_fn_empty",,,,30,0.00,0,,,29,1
Function,"combiners_test.CombineTest.test_empty_global_top",,,,3,0.00,0,,,2,1
Function,"combiners_test.CombineTest.test_empty_tuple_combine_fn",,,,7,0.00,0,,,6,1
Function,"combiners_test.CombineTest.test_global_fanout",,,,7,0.00,0,,,6,1
Function,"combiners_test.CombineTest.test_hot_key_fanout",,,,8,0.00,0,,,7,1
Function,"combiners_test.CombineTest.test_hot_key_fanout_sharded",,,,14,0.00,0,,,13,1
Function,"combiners_test.CombineTest.test_per_key_sample",,,,14,0.00,0,,,11,1
Function,"combiners_test.CombineTest.test_per_key_sample.matcher",,,,8,0.00,0,,,6,0
Function,"combiners_test.CombineTest.test_per_key_sample.matcher.match",,,,6,0.00,0,,,5,1
Function,"combiners_test.CombineTest.test_sharded_top",,,,11,0.00,0,,,10,1
Function,"combiners_test.CombineTest.test_sharded_top_combine_fn",,,,12,0.00,0,,,10,0
Function,"combiners_test.CombineTest.test_sharded_top_combine_fn.test_combine_fn",,,,7,0.00,0,,,6,0
Function,"combiners_test.CombineTest.test_to_set",,,,18,0.00,0,,,15,0
Function,"combiners_test.CombineTest.test_to_set.matcher",,,,4,0.00,0,,,2,0
Function,"combiners_test.CombineTest.test_to_set.matcher.match",,,,2,0.00,0,,,1,0
Function,"combiners_test.CombineTest.test_top_key",,,,18,0.00,0,,,17,0
Function,"combiners_test.CombineTest.test_top_no_compact",,,,20,0.00,0,,,17,1
Class,"combiners_test.CombineTest.test_top_no_compact.TopCombineFnNoCompact",1,1,2,3,0.00,0,,1,1,0
Function,"combiners_test.CombineTest.test_top_no_compact.TopCombineFnNoCompact.compact",,,,2,0.00,0,,,1,0
Function,"combiners_test.CombineTest.test_top_shorthands",,,,15,0.00,0,,,14,1
Function,"combiners_test.CombineTest.test_tuple_combine_fn",,,,9,0.00,0,,,8,1
Function,"combiners_test.CombineTest.test_tuple_combine_fn_batched_merge",,,,28,0.00,0,,,22,0
Class,"combiners_test.CombineTest.test_tuple_combine_fn_batched_merge.CountedAccumulator",2,2,5,8,0.00,0,,1,6,1
Function,"combiners_test.CombineTest.test_tuple_combine_fn_batched_merge.CountedAccumulator.__init__",,,,5,0.00,0,,,4,1
Class,"combiners_test.CombineTest.test_tuple_combine_fn_batched_merge.CountedAccumulatorCombineFn",2,2,3,7,0.00,0,,2,4,1
Function,"combiners_test.CombineTest.test_tuple_combine_fn_batched_merge.CountedAccumulatorCombineFn.create_accumulator",,,,2,0.00,0,,,1,0
Function,"combiners_test.CombineTest.test_tuple_combine_fn_batched_merge.CountedAccumulatorCombineFn.merge_accumulators",,,,4,0.00,0,,,3,1
Function,"combiners_test.CombineTest.test_tuple_combine_fn_without_defaults",,,,10,0.00,0,,,9,1
Class,"combiners_test.CombineValuesTest",1,1,7,13,0.00,0,,1,10,1
Function,"combiners_test.CombineValuesTest.test_gbk_immediately_followed_by_combine",,,,12,0.00,0,,,10,1
Function,"combiners_test.CombineValuesTest.test_gbk_immediately_followed_by_combine.merge",,,,2,0.00,0,,,1,0
Class,"combiners_test.LatestCombineFnTest",1,1,6,35,0.00,0,,6,28,2
Function,"combiners_test.LatestCombineFnTest.setUp",,,,2,0.00,0,,,1,0
Function,"combiners_test.LatestCombineFnTest.test_add_input",,,,5,0.00,0,,,4,0
Function,"combiners_test.LatestCombineFnTest.test_create_accumulator",,,,3,0.00,0,,,2,0
Function,"combiners_test.LatestCombineFnTest.test_extract_output",,,,4,0.00,0,,,3,0
Function,"combiners_test.LatestCombineFnTest.test_merge_accumulators",,,,4,0.00,0,,,3,0
Function,"combiners_test.LatestCombineFnTest.test_with_input_types_decorator_violation",,,,16,0.00,0,,,15,2
Class,"combiners_test.LatestTest",1,1,7,23,0.00,0,,3,19,1
Function,"combiners_test.LatestTest.test_globally_empty",,,,6,0.00,0,,,5,1
Function,"combiners_test.LatestTest.test_per_key",,,,10,0.00,0,,,9,1
Function,"combiners_test.LatestTest.test_per_key_empty",,,,6,0.00,0,,,5,1
Class,"combiners_test.SortedConcatWithCounters",1,1,4,20,0.15,3,,5,14,0
Function,"combiners_test.SortedConcatWithCounters.__init__",,,,7,0.00,0,,,6,0
Function,"combiners_test.SortedConcatWithCounters.add_input",,,,6,0.00,0,,,5,0
Function,"combiners_test.SortedConcatWithCounters.create_accumulator",,,,2,0.00,0,,,1,0
Function,"combiners_test.SortedConcatWithCounters.extract_output",,,,2,0.00,0,,,1,0
Function,"combiners_test.SortedConcatWithCounters.merge_accumulators",,,,2,0.00,0,,,1,0
Module File,"combiners_test.py",1,5,10,531,0.01,4,10,,434,2
Class,"dataflow_runner.DataflowRunner",5,23,15,104,0.21,22,,5,89,5
Function,"dataflow_runner.DataflowRunner.__init__",,,,2,0.00,0,,,1,0
Function,"dataflow_runner.DataflowRunner._only_element",,,,3,0.00,0,,,2,0
Function,"dataflow_runner.DataflowRunner.is_fnapi_compatible",,,,2,0.00,0,,,1,0
Function,"dataflow_runner.DataflowRunner.poll_for_job_completion",,,,83,0.12,10,,,80,5
Function,"dataflow_runner.DataflowRunner.poll_for_job_completion.rank_error",,,,6,0.00,0,,,5,1
Function,"dataflow_runner.DataflowRunner.side_input_visitor",,,,7,0.71,5,,,2,0
Class,"dataflow_runner.DataflowRunner.side_input_visitor.SideInputVisitor",2,2,3,4,1.25,5,,1,2,1
Function,"dataflow_runner.DataflowRunner.side_input_visitor.SideInputVisitor.visit_transform",,,,3,0.33,1,,,2,1
Module File,"dataflow_runner.py",5,23,15,112,0.21,24,2,,89,5
Class,"dataflow_runner_test.DataflowRunnerTest",1,3,12,464,0.02,7,,31,388,2
Function,"dataflow_runner_test.DataflowRunnerTest._test_flatten_input_visitor",,,,14,0.00,0,,,13,1
Function,"dataflow_runner_test.DataflowRunnerTest.setUp",,,,11,0.00,0,,,10,0
Function,"dataflow_runner_test.DataflowRunnerTest.test_auto_streaming_no_unbounded",,,,14,0.00,0,,,13,1
Function,"dataflow_runner_test.DataflowRunnerTest.test_auto_streaming_with_unbounded",,,,14,0.00,0,,,13,1
Function,"dataflow_runner_test.DataflowRunnerTest.test_batch_is_runner_v2",,,,10,0.00,0,,,9,1
Function,"dataflow_runner_test.DataflowRunnerTest.test_cancel",,,,25,0.00,0,,,22,1
Class,"dataflow_runner_test.DataflowRunnerTest.test_cancel.MockDataflowRunner",1,1,9,10,0.00,0,,1,8,0
Function,"dataflow_runner_test.DataflowRunnerTest.test_cancel.MockDataflowRunner.__init__",,,,9,0.00,0,,,8,0
Function,"dataflow_runner_test.DataflowRunnerTest.test_create_runner",,,,4,0.00,0,,,3,0
Function,"dataflow_runner_test.DataflowRunnerTest.test_dataflow_service_options_enable_prime_sets_runner_v2",,,,30,0.00,0,,,29,1
Function,"dataflow_runner_test.DataflowRunnerTest.test_environment_override_translation_legacy_worker_harness_image",,,,23,0.04,1,,,22,1
Function,"dataflow_runner_test.DataflowRunnerTest.test_environment_override_translation_sdk_container_image",,,,23,0.04,1,,,22,1
Function,"dataflow_runner_test.DataflowRunnerTest.test_explicit_streaming_no_unbounded",,,,15,0.00,0,,,14,1
Function,"dataflow_runner_test.DataflowRunnerTest.test_flatten_input_with_visitor_with_multiple_inputs",,,,3,0.00,0,,,2,0
Function,"dataflow_runner_test.DataflowRunnerTest.test_flatten_input_with_visitor_with_single_input",,,,2,0.00,0,,,1,0
Function,"dataflow_runner_test.DataflowRunnerTest.test_gbk_then_flatten_input_visitor",,,,14,0.00,0,,,13,0
Function,"dataflow_runner_test.DataflowRunnerTest.test_get_default_gcp_region_from_environ",,,,5,0.00,0,,,3,0
Function,"dataflow_runner_test.DataflowRunnerTest.test_get_default_gcp_region_from_gcloud",,,,5,0.00,0,,,3,0
Function,"dataflow_runner_test.DataflowRunnerTest.test_get_default_gcp_region_ignores_error",,,,5,0.00,0,,,3,0
Function,"dataflow_runner_test.DataflowRunnerTest.test_get_default_gcp_region_no_default_returns_none",,,,5,0.00,0,,,3,0
Function,"dataflow_runner_test.DataflowRunnerTest.test_group_by_key_input_visitor_for_non_gbk_transforms",,,,8,0.00,0,,,7,1
Function,"dataflow_runner_test.DataflowRunnerTest.test_group_by_key_input_visitor_with_invalid_inputs",,,,13,0.00,0,,,12,2
Function,"dataflow_runner_test.DataflowRunnerTest.test_group_by_key_input_visitor_with_valid_inputs",,,,15,0.00,0,,,14,1
Function,"dataflow_runner_test.DataflowRunnerTest.test_min_cpu_platform_flag_is_propagated_to_experiments",,,,8,0.13,1,,,7,1
Function,"dataflow_runner_test.DataflowRunnerTest.test_pack_combiners",,,,24,0.00,0,,,20,1
Class,"dataflow_runner_test.DataflowRunnerTest.test_pack_combiners.PackableCombines",1,1,3,6,0.00,0,,2,3,0
Function,"dataflow_runner_test.DataflowRunnerTest.test_pack_combiners.PackableCombines.annotations",,,,2,0.00,0,,,1,0
Function,"dataflow_runner_test.DataflowRunnerTest.test_pack_combiners.PackableCombines.expand",,,,3,0.00,0,,,2,0
Function,"dataflow_runner_test.DataflowRunnerTest.test_remote_runner_translation",,,,8,0.13,1,,,7,1
Function,"dataflow_runner_test.DataflowRunnerTest.test_side_input_visitor",,,,18,0.00,0,,,17,0
Function,"dataflow_runner_test.DataflowRunnerTest.test_streaming_engine_flag_adds_windmill_experiments",,,,12,0.08,1,,,11,1
Function,"dataflow_runner_test.DataflowRunnerTest.test_streaming_is_runner_v2",,,,13,0.00,0,,,12,1
Function,"dataflow_runner_test.DataflowRunnerTest.test_unsupported_combinefn_detection",,,,25,0.00,0,,,21,2
Class,"dataflow_runner_test.DataflowRunnerTest.test_unsupported_combinefn_detection.CombinerWithNonDefaultSetupTeardown",1,1,2,5,0.00,0,,2,2,0
Function,"dataflow_runner_test.DataflowRunnerTest.test_unsupported_combinefn_detection.CombinerWithNonDefaultSetupTeardown.setup",,,,2,0.00,0,,,1,0
Function,"dataflow_runner_test.DataflowRunnerTest.test_unsupported_combinefn_detection.CombinerWithNonDefaultSetupTeardown.teardown",,,,2,0.00,0,,,1,0
Function,"dataflow_runner_test.DataflowRunnerTest.test_upload_graph_experiment",,,,8,0.13,1,,,7,1
Function,"dataflow_runner_test.DataflowRunnerTest.test_use_fastavro_experiment_is_not_added_when_use_avro_is_present",,,,7,0.14,1,,,6,1
Function,"dataflow_runner_test.DataflowRunnerTest.test_wait_until_finish",,,,53,0.00,0,,,49,2
Class,"dataflow_runner_test.DataflowRunnerTest.test_wait_until_finish.MockDataflowRunner",2,2,10,16,0.00,0,,1,13,1
Function,"dataflow_runner_test.DataflowRunnerTest.test_wait_until_finish.MockDataflowRunner.__init__",,,,15,0.00,0,,,13,0
Function,"dataflow_runner_test.DataflowRunnerTest.test_wait_until_finish.MockDataflowRunner.__init__.get_job_side_effect",,,,5,0.00,0,,,4,1
Class,"dataflow_runner_test.SpecialDoFn",1,1,2,5,0.00,0,,2,2,0
Function,"dataflow_runner_test.SpecialDoFn.display_data",,,,2,0.00,0,,,1,0
Function,"dataflow_runner_test.SpecialDoFn.process",,,,2,0.00,0,,,1,0
Class,"dataflow_runner_test.SpecialParDo",1,1,4,9,0.00,0,,2,6,0
Function,"dataflow_runner_test.SpecialParDo.__init__",,,,4,0.00,0,,,3,0
Function,"dataflow_runner_test.SpecialParDo.display_data",,,,4,0.00,0,,,3,0
Module File,"dataflow_runner_test.py",1,3,12,512,0.02,9,7,,401,2
Class,"direct_runner.DirectRunner",2,3,7,36,0.28,10,,2,23,1
Class,"direct_runner.DirectRunner.Enforcement",2,3,5,14,0.00,0,,2,9,1
Function,"direct_runner.DirectRunner.Enforcement.applies_to",,,,2,0.00,0,,,1,0
Function,"direct_runner.DirectRunner.Enforcement.enabled",,,,7,0.00,0,,,6,1
Function,"direct_runner.DirectRunner.__init__",,,,3,0.00,0,,,2,0
Function,"direct_runner.DirectRunner.from_options",,,,15,0.53,8,,,11,1
Module File,"direct_runner.py",2,3,7,80,0.24,19,2,,45,1
Class,"direct_runner_test.BundleBasedRunnerTest",1,1,6,7,0.00,0,,1,5,1
Function,"direct_runner_test.BundleBasedRunnerTest.test_type_hints",,,,6,0.00,0,,,5,1
Class,"direct_runner_test.DirectPipelineResultTest",1,2,17,70,0.00,0,,2,63,1
Function,"direct_runner_test.DirectPipelineResultTest.test_direct_runner_metrics",,,,57,0.00,0,,,52,0
Class,"direct_runner_test.DirectPipelineResultTest.test_direct_runner_metrics.MyDoFn",1,1,5,17,0.00,0,,3,13,0
Function,"direct_runner_test.DirectPipelineResultTest.test_direct_runner_metrics.MyDoFn.finish_bundle",,,,3,0.00,0,,,2,0
Function,"direct_runner_test.DirectPipelineResultTest.test_direct_runner_metrics.MyDoFn.process",,,,10,0.00,0,,,9,0
Function,"direct_runner_test.DirectPipelineResultTest.test_direct_runner_metrics.MyDoFn.start_bundle",,,,3,0.00,0,,,2,0
Function,"direct_runner_test.DirectPipelineResultTest.test_waiting_on_result_stops_executor_threads",,,,12,0.00,0,,,11,1
Class,"direct_runner_test.DirectRunnerRetryTests",1,1,11,62,0.08,5,,2,50,1
Function,"direct_runner_test.DirectRunnerRetryTests.test_no_partial_writeouts",,,,43,0.00,0,,,38,0
Class,"direct_runner_test.DirectRunnerRetryTests.test_no_partial_writeouts.TestTransformEvaluator",1,1,3,9,0.00,0,,3,5,0
Function,"direct_runner_test.DirectRunnerRetryTests.test_no_partial_writeouts.TestTransformEvaluator.__init__",,,,2,0.00,0,,,1,0
Function,"direct_runner_test.DirectRunnerRetryTests.test_no_partial_writeouts.TestTransformEvaluator.process_element",,,,4,0.00,0,,,3,0
Function,"direct_runner_test.DirectRunnerRetryTests.test_no_partial_writeouts.TestTransformEvaluator.start_bundle",,,,2,0.00,0,,,1,0
Function,"direct_runner_test.DirectRunnerRetryTests.test_retry_fork_graph",,,,18,0.28,5,,,12,1
Function,"direct_runner_test.DirectRunnerRetryTests.test_retry_fork_graph.f_b",,,,4,0.25,1,,,2,0
Function,"direct_runner_test.DirectRunnerRetryTests.test_retry_fork_graph.f_c",,,,4,0.25,1,,,2,0
Module File,"direct_runner_test.py",1,2,13,161,0.03,5,5,,120,1
Class,"fileio.EmptyMatchTreatment",4,4,9,14,0.21,3,,1,11,1
Function,"fileio.EmptyMatchTreatment.allow_empty_match",,,,9,0.00,0,,,8,1
Class,"fileio.MatchAll",1,1,4,8,0.38,3,,2,2,0
Function,"fileio.MatchAll.__init__",,,,2,0.00,0,,,1,0
Function,"fileio.MatchAll.expand",,,,5,0.00,0,,,1,0
Class,"fileio.MatchFiles",1,1,4,9,0.33,3,,2,4,0
Function,"fileio.MatchFiles.__init__",,,,5,0.00,0,,,2,0
Function,"fileio.MatchFiles.expand",,,,3,0.00,0,,,2,0
Class,"fileio.ReadableFile",1,1,2,3,0.33,1,,1,1,0
Function,"fileio.ReadableFile.__init__",,,,2,0.00,0,,,1,0
Class,"fileio._MatchAllFn",2,2,6,12,0.00,0,,2,9,1
Function,"fileio._MatchAllFn.__init__",,,,2,0.00,0,,,1,0
Function,"fileio._MatchAllFn.process",,,,9,0.00,0,,,8,1
Module File,"fileio.py",2,4,5,60,0.17,10,5,,32,1
Class,"fileio_test.MatchContinuouslyTest",1,1,14,73,0.00,0,,3,66,1
Function,"fileio_test.MatchContinuouslyTest.test_match_updated_files",,,,26,0.00,0,,,24,1
Function,"fileio_test.MatchContinuouslyTest.test_match_updated_files._create_extra_file",,,,4,0.00,0,,,3,0
Function,"fileio_test.MatchContinuouslyTest.test_with_deduplication",,,,22,0.00,0,,,20,1
Function,"fileio_test.MatchContinuouslyTest.test_with_deduplication._create_extra_file",,,,4,0.00,0,,,3,0
Function,"fileio_test.MatchContinuouslyTest.test_without_deduplication",,,,24,0.00,0,,,22,1
Function,"fileio_test.MatchContinuouslyTest.test_without_deduplication._create_extra_file",,,,4,0.00,0,,,3,0
Class,"fileio_test.MatchIntegrationTest",1,1,13,43,0.00,0,,2,39,1
Function,"fileio_test.MatchIntegrationTest.setUp",,,,2,0.00,0,,,1,0
Function,"fileio_test.MatchIntegrationTest.test_transform_on_gcs",,,,23,0.00,0,,,22,1
Class,"fileio_test.MatchTest",1,2,14,58,0.00,0,,4,53,2
Function,"fileio_test.MatchTest.test_basic_two_files",,,,11,0.00,0,,,10,1
Function,"fileio_test.MatchTest.test_match_all_two_directories",,,,15,0.00,0,,,14,1
Function,"fileio_test.MatchTest.test_match_files_one_directory_failure1",,,,16,0.00,0,,,15,2
Function,"fileio_test.MatchTest.test_match_files_one_directory_failure2",,,,15,0.00,0,,,14,1
Class,"fileio_test.ReadTest",1,1,14,102,0.00,0,,7,90,2
Function,"fileio_test.ReadTest.test_basic_file_name_provided",,,,12,0.00,0,,,11,1
Function,"fileio_test.ReadTest.test_csv_file_source",,,,13,0.00,0,,,12,1
Function,"fileio_test.ReadTest.test_fail_on_directories",,,,13,0.00,0,,,12,2
Function,"fileio_test.ReadTest.test_infer_compressed_file",,,,18,0.00,0,,,15,1
Function,"fileio_test.ReadTest.test_read_bz2_compressed_file_without_suffix",,,,16,0.00,0,,,14,1
Function,"fileio_test.ReadTest.test_read_gzip_compressed_file_without_suffix",,,,16,0.00,0,,,14,1
Function,"fileio_test.ReadTest.test_string_filenames_and_skip_directory",,,,13,0.00,0,,,12,1
Class,"fileio_test.WriteFilesTest",1,1,9,108,0.00,0,,4,94,1
Class,"fileio_test.WriteFilesTest.CsvSink",1,1,3,6,0.00,0,,2,3,0
Function,"fileio_test.WriteFilesTest.CsvSink.__init__",,,,2,0.00,0,,,1,0
Function,"fileio_test.WriteFilesTest.CsvSink.write",,,,3,0.00,0,,,2,0
Class,"fileio_test.WriteFilesTest.JsonSink",1,1,3,4,0.00,0,,1,2,0
Function,"fileio_test.WriteFilesTest.JsonSink.write",,,,3,0.00,0,,,2,0
Function,"fileio_test.WriteFilesTest.record_dofn",,,,5,0.00,0,,,2,0
Class,"fileio_test.WriteFilesTest.record_dofn.RecordDoFn",1,1,2,3,0.00,0,,1,1,0
Function,"fileio_test.WriteFilesTest.record_dofn.RecordDoFn.process",,,,2,0.00,0,,,1,0
Function,"fileio_test.WriteFilesTest.test_find_orphaned_files",,,,27,0.00,0,,,25,1
Function,"fileio_test.WriteFilesTest.test_find_orphaned_files.write_orphaned_file",,,,8,0.00,0,,,7,1
Function,"fileio_test.WriteFilesTest.test_shard_naming",,,,15,0.00,0,,,14,0
Function,"fileio_test.WriteFilesTest.test_write_to_single_file_batch",,,,16,0.00,0,,,15,1
Function,"fileio_test._get_file_reader",,,,2,0.00,0,,,1,0
Module File,"fileio_test.py",1,2,12,412,0.00,1,8,,348,2
Class,"filesystems.FilterResult",1,1,4,5,0.00,0,,1,3,0
Function,"filesystems.FilterResult.__init__",,,,4,0.00,0,,,3,0
Function,"filesystems.checksum_match",,,,2,0.50,1,,,1,0
Function,"filesystems.copy",,,,8,0.13,1,,,7,1
Function,"filesystems.create",,,,2,0.50,1,,,1,0
Function,"filesystems.create_with_options",,,,2,0.50,1,,,1,0
Function,"filesystems.delete",,,,9,0.11,1,,,8,1
Function,"filesystems.filter_files",,,,26,0.00,0,,,25,2
Function,"filesystems.get_file_system_internal",,,,6,0.17,1,,,5,1
Function,"filesystems.get_only_scheme",,,,5,0.00,0,,,4,1
Function,"filesystems.has_glob_wildcard",,,,2,0.00,0,,,1,0
Function,"filesystems.match",,,,2,0.50,1,,,1,0
Function,"filesystems.match_new_directory",,,,5,0.40,2,,,4,1
Function,"filesystems.match_new_resource",,,,2,0.50,1,,,1,0
Function,"filesystems.match_single",,,,5,0.20,1,,,4,1
Function,"filesystems.match_single_file_spec",,,,10,0.10,1,,,9,1
Function,"filesystems.match_single_with_empty_treatment",,,,3,0.33,1,,,2,0
Function,"filesystems.match_with_empty_treatment",,,,6,0.17,1,,,5,1
Function,"filesystems.maybe_adjust_empty_match_result",,,,5,0.20,1,,,4,1
Function,"filesystems.open",,,,2,0.50,1,,,1,0
Function,"filesystems.parse_scheme",,,,5,0.00,0,,,4,1
Module File,"filesystems.py",3,9,6,170,0.14,23,1,,138,2
Function,"filesystems.rename",,,,5,0.20,1,,,4,1
Function,"filesystems.rename_internal",,,,9,0.22,2,,,8,2
Function,"filesystems.set_default_pipeline_options",,,,14,0.21,3,,,13,2
Function,"filesystems.validate_src_dest_lists",,,,8,0.00,0,,,7,1
Function,"filesystems.verify_schemes_are_unique",,,,10,0.10,1,,,9,2
Class,"filesystems_test.FileSystemsTest",1,1,7,156,0.01,1,,22,131,1
Function,"filesystems_test.FileSystemsTest.setUp",,,,2,0.00,0,,,1,0
Function,"filesystems_test.FileSystemsTest.tearDown",,,,2,0.00,0,,,1,0
Function,"filesystems_test.FileSystemsTest.test_copy",,,,7,0.00,0,,,6,1
Function,"filesystems_test.FileSystemsTest.test_copy_directory",,,,11,0.00,0,,,10,1
Function,"filesystems_test.FileSystemsTest.test_copy_error",,,,8,0.00,0,,,7,1
Function,"filesystems_test.FileSystemsTest.test_delete",,,,7,0.00,0,,,6,1
Function,"filesystems_test.FileSystemsTest.test_delete_error",,,,6,0.00,0,,,5,1
Function,"filesystems_test.FileSystemsTest.test_exists",,,,7,0.00,0,,,6,1
Function,"filesystems_test.FileSystemsTest.test_get_filesystem",,,,11,0.00,0,,,10,1
Function,"filesystems_test.FileSystemsTest.test_get_scheme",,,,4,0.00,0,,,3,0
Function,"filesystems_test.FileSystemsTest.test_match_directory",,,,4,0.00,0,,,3,0
Function,"filesystems_test.FileSystemsTest.test_match_directory_with_files",,,,9,0.00,0,,,8,0
Function,"filesystems_test.FileSystemsTest.test_match_file",,,,6,0.00,0,,,5,0
Function,"filesystems_test.FileSystemsTest.test_match_file_empty",,,,5,0.20,1,,,4,0
Function,"filesystems_test.FileSystemsTest.test_match_file_exception",,,,5,0.00,0,,,4,1
Function,"filesystems_test.FileSystemsTest.test_mkdirs",,,,4,0.00,0,,,3,0
Function,"filesystems_test.FileSystemsTest.test_mkdirs_failed",,,,7,0.00,0,,,6,1
Function,"filesystems_test.FileSystemsTest.test_rename",,,,8,0.00,0,,,7,1
Function,"filesystems_test.FileSystemsTest.test_rename_directory",,,,13,0.00,0,,,12,1
Function,"filesystems_test.FileSystemsTest.test_rename_error",,,,8,0.00,0,,,7,1
Function,"filesystems_test.FileSystemsTest.test_unix_path_join",,,,10,0.00,0,,,9,0
Function,"filesystems_test.FileSystemsTest.test_windows_path_join",,,,9,0.00,0,,,8,0
Function,"filesystems_test._gen_fake_join",,,,4,0.25,1,,,2,0
Function,"filesystems_test._gen_fake_join._join",,,,2,0.00,0,,,1,0
Module File,"filesystems_test.py",1,2,7,173,0.02,3,1,,136,1
Class,"flatten.Flatten",2,3,9,56,0.13,7,,2,26,2
Class,"flatten.Flatten.PCollections",2,3,11,49,0.14,7,,3,24,2
Function,"flatten.Flatten.PCollections.__init__",,,,2,0.00,0,,,1,0
Function,"flatten.Flatten.PCollections.expand",,,,32,0.19,6,,,10,2
Class,"flatten.Flatten.PCollections.expand.Iterables",1,1,5,17,0.24,4,,3,2,0
Function,"flatten.Flatten.PCollections.expand.Iterables.__init__",,,,2,0.00,0,,,1,0
Function,"flatten.Flatten.PCollections.expand.Iterables.expand",,,,12,0.25,3,,,0,0
Function,"flatten.Flatten.PCollections.expand.Iterables.isIterableLikeCoder",,,,2,0.50,1,,,1,0
Function,"flatten.Flatten.PCollections.validateWindowCompatibility",,,,14,0.07,1,,,13,1
Function,"flatten.Flatten.iterables",,,,2,0.00,0,,,1,0
Function,"flatten.Flatten.pCollections",,,,2,0.00,0,,,1,0
Module File,"flatten.py",2,3,9,62,0.11,7,3,,26,2
Function,"flatten_test.check_flatten",,,,12,0.00,0,,,11,0
Module File,"flatten_test.py",2,2,12,16,0.00,0,0,,13,1
Class,"pipeline.Pipeline",3,10,11,67,0.52,35,,6,54,2
Function,"pipeline.Pipeline.__init__",,,,50,0.42,21,,,44,2
Function,"pipeline.Pipeline._current_transform",,,,2,0.50,1,,,1,0
Function,"pipeline.Pipeline.display_data",,,,2,0.00,0,,,1,0
Function,"pipeline.Pipeline.options-getter",,,,2,0.00,0,,,1,0
Function,"pipeline.Pipeline.run",,,,2,0.00,0,,,1,0
Function,"pipeline.Pipeline.run",,,,7,0.29,2,,,6,1
Class,"pipeline.PipelineExecutionException",1,1,2,3,0.33,1,,1,1,0
Function,"pipeline.PipelineExecutionException.__init__",,,,2,0.00,0,,,1,0
Module File,"pipeline.py",2,10,10,82,0.44,36,2,,55,2
Class,"pipeline_test.AddThenMultiply",1,1,3,4,0.00,0,,1,2,0
Function,"pipeline_test.AddThenMultiply.expand",,,,3,0.00,0,,,2,0
Class,"pipeline_test.AddThenMultiplyDoFn",1,1,2,3,0.00,0,,1,1,0
Function,"pipeline_test.AddThenMultiplyDoFn.process",,,,2,0.00,0,,,1,0
Class,"pipeline_test.AddWithProductDoFn",1,1,2,3,0.00,0,,1,1,0
Function,"pipeline_test.AddWithProductDoFn.process",,,,2,0.00,0,,,1,0
Class,"pipeline_test.Bacon",1,1,2,4,0.00,0,,1,1,0
Function,"pipeline_test.Bacon._add_argparse_args",,,,2,0.00,0,,,1,0
Class,"pipeline_test.Breakfast",0,0,0,2,0.00,0,,0,1,0
Class,"pipeline_test.DoFnTest",1,1,6,89,0.02,2,,9,60,1
Function,"pipeline_test.DoFnTest.test_context_params",,,,12,0.00,0,,,6,1
Function,"pipeline_test.DoFnTest.test_context_params.test_map",,,,6,0.00,0,,,1,0
Function,"pipeline_test.DoFnTest.test_element",,,,7,0.00,0,,,4,1
Class,"pipeline_test.DoFnTest.test_element.TestDoFn",1,1,2,3,0.00,0,,1,1,0
Function,"pipeline_test.DoFnTest.test_element.TestDoFn.process",,,,2,0.00,0,,,1,0
Function,"pipeline_test.DoFnTest.test_element_param",,,,9,0.00,0,,,8,0
Function,"pipeline_test.DoFnTest.test_incomparable_default",,,,14,0.00,0,,,9,1
Class,"pipeline_test.DoFnTest.test_incomparable_default.IncomparableType",1,1,2,7,0.00,0,,3,3,0
Function,"pipeline_test.DoFnTest.test_incomparable_default.IncomparableType.__eq__",,,,2,0.00,0,,,1,0
Function,"pipeline_test.DoFnTest.test_incomparable_default.IncomparableType.__hash__",,,,2,0.00,0,,,1,0
Function,"pipeline_test.DoFnTest.test_incomparable_default.IncomparableType.__ne__",,,,2,0.00,0,,,1,0
Function,"pipeline_test.DoFnTest.test_key_param",,,,8,0.00,0,,,7,0
Function,"pipeline_test.DoFnTest.test_side_input_no_tag",,,,12,0.08,1,,,9,1
Class,"pipeline_test.DoFnTest.test_side_input_no_tag.TestDoFn",1,1,2,3,0.00,0,,1,1,0
Function,"pipeline_test.DoFnTest.test_side_input_no_tag.TestDoFn.process",,,,2,0.00,0,,,1,0
Function,"pipeline_test.DoFnTest.test_side_input_tagged",,,,12,0.08,1,,,9,1
Class,"pipeline_test.DoFnTest.test_side_input_tagged.TestDoFn",1,1,2,3,0.00,0,,1,1,0
Function,"pipeline_test.DoFnTest.test_side_input_tagged.TestDoFn.process",,,,2,0.00,0,,,1,0
Function,"pipeline_test.DoFnTest.test_timestamp_param",,,,7,0.00,0,,,4,1
Class,"pipeline_test.DoFnTest.test_timestamp_param.TestDoFn",1,1,2,3,0.00,0,,1,1,0
Function,"pipeline_test.DoFnTest.test_timestamp_param.TestDoFn.process",,,,2,0.00,0,,,1,0
Function,"pipeline_test.DoFnTest.test_timestamp_param_map",,,,5,0.00,0,,,4,1
Class,"pipeline_test.DoubleParDo",1,1,2,5,0.00,0,,2,2,0
Function,"pipeline_test.DoubleParDo.expand",,,,2,0.00,0,,,1,0
Function,"pipeline_test.DoubleParDo.to_runner_api_parameter",,,,2,0.00,0,,,1,0
Class,"pipeline_test.Eggs",1,1,2,4,0.00,0,,1,1,0
Function,"pipeline_test.Eggs._add_argparse_args",,,,2,0.00,0,,,1,0
Class,"pipeline_test.FakeUnboundedSource",1,1,2,3,0.33,1,,1,1,0
Function,"pipeline_test.FakeUnboundedSource.is_bounded",,,,2,0.00,0,,,1,0
Class,"pipeline_test.FlattenAndDouble",1,1,2,3,0.00,0,,1,1,0
Function,"pipeline_test.FlattenAndDouble.expand",,,,2,0.00,0,,,1,0
Class,"pipeline_test.FlattenAndTriple",1,1,2,3,0.00,0,,1,1,0
Function,"pipeline_test.FlattenAndTriple.expand",,,,2,0.00,0,,,1,0
Class,"pipeline_test.PipelineOptionsTest",1,1,10,60,0.03,2,,6,53,1
Function,"pipeline_test.PipelineOptionsTest.test_attribute_setting",,,,5,0.00,0,,,4,0
Function,"pipeline_test.PipelineOptionsTest.test_defaults",,,,4,0.00,0,,,3,0
Function,"pipeline_test.PipelineOptionsTest.test_dir",,,,31,0.00,0,,,30,0
Function,"pipeline_test.PipelineOptionsTest.test_flag_parsing",,,,4,0.00,0,,,3,0
Function,"pipeline_test.PipelineOptionsTest.test_keyword_parsing",,,,5,0.00,0,,,4,0
Function,"pipeline_test.PipelineOptionsTest.test_view_as",,,,10,0.20,2,,,9,1
Class,"pipeline_test.PipelineTest",1,4,9,326,0.00,0,,20,269,3
Class,"pipeline_test.PipelineTest.CustomTransform",1,1,2,3,0.00,0,,1,1,0
Function,"pipeline_test.PipelineTest.CustomTransform.expand",,,,2,0.00,0,,,1,0
Class,"pipeline_test.PipelineTest.Visitor",1,1,3,11,0.00,0,,4,6,0
Function,"pipeline_test.PipelineTest.Visitor.__init__",,,,4,0.00,0,,,3,0
Function,"pipeline_test.PipelineTest.Visitor.enter_composite_transform",,,,2,0.00,0,,,1,0
Function,"pipeline_test.PipelineTest.Visitor.leave_composite_transform",,,,2,0.00,0,,,1,0
Function,"pipeline_test.PipelineTest.Visitor.visit_value",,,,2,0.00,0,,,1,0
Function,"pipeline_test.PipelineTest.custom_callable",,,,2,0.00,0,,,1,0
Function,"pipeline_test.PipelineTest.test_aggregator_empty_input",,,,3,0.00,0,,,2,0
Function,"pipeline_test.PipelineTest.test_apply_custom_transform",,,,5,0.00,0,,,4,1
Function,"pipeline_test.PipelineTest.test_auto_unique_labels",,,,20,0.00,0,,,18,2
Function,"pipeline_test.PipelineTest.test_auto_unique_labels.identity",,,,2,0.00,0,,,1,0
Function,"pipeline_test.PipelineTest.test_create",,,,7,0.00,0,,,6,1
Function,"pipeline_test.PipelineTest.test_create_singleton_pcollection",,,,4,0.00,0,,,3,1
Function,"pipeline_test.PipelineTest.test_flatmap_builtin",,,,11,0.00,0,,,10,1
Function,"pipeline_test.PipelineTest.test_flatmaptuple_builtin",,,,24,0.00,0,,,23,1
Function,"pipeline_test.PipelineTest.test_incompatible_submission_and_runtime_envs_fail_pipeline",,,,14,0.00,0,,,13,3
Function,"pipeline_test.PipelineTest.test_kv_ptransform_honor_type_hints",,,,24,0.00,0,,,20,1
Class,"pipeline_test.PipelineTest.test_kv_ptransform_honor_type_hints.StatefulDoFn",2,2,4,9,0.00,0,,2,6,1
Function,"pipeline_test.PipelineTest.test_kv_ptransform_honor_type_hints.StatefulDoFn.process",,,,2,0.00,0,,,1,0
Function,"pipeline_test.PipelineTest.test_kv_ptransform_honor_type_hints.StatefulDoFn.return_recursive",,,,5,0.00,0,,,4,1
Function,"pipeline_test.PipelineTest.test_maptuple_builtin",,,,23,0.00,0,,,22,1
Function,"pipeline_test.PipelineTest.test_memory_usage",,,,30,0.00,0,,,26,2
Function,"pipeline_test.PipelineTest.test_memory_usage.check_memory",,,,6,0.00,0,,,5,1
Function,"pipeline_test.PipelineTest.test_memory_usage.get_memory_usage_in_bytes",,,,2,0.00,0,,,1,0
Function,"pipeline_test.PipelineTest.test_ptransform_override_multiple_outputs",,,,62,0.00,0,,,52,1
Class,"pipeline_test.PipelineTest.test_ptransform_override_multiple_outputs.MultiOutputComposite",1,2,8,19,0.00,0,,2,15,1
Function,"pipeline_test.PipelineTest.test_ptransform_override_multiple_outputs.MultiOutputComposite.__init__",,,,2,0.00,0,,,1,0
Function,"pipeline_test.PipelineTest.test_ptransform_override_multiple_outputs.MultiOutputComposite.expand",,,,16,0.00,0,,,14,0
Function,"pipeline_test.PipelineTest.test_ptransform_override_multiple_outputs.MultiOutputComposite.expand.mux_input",,,,6,0.00,0,,,5,1
Class,"pipeline_test.PipelineTest.test_ptransform_override_multiple_outputs.MultiOutputOverride",1,1,3,6,0.00,0,,2,2,0
Function,"pipeline_test.PipelineTest.test_ptransform_override_multiple_outputs.MultiOutputOverride.get_replacement_transform_for_applied_ptransform",,,,3,0.00,0,,,1,0
Function,"pipeline_test.PipelineTest.test_ptransform_override_multiple_outputs.MultiOutputOverride.matches",,,,2,0.00,0,,,1,0
Function,"pipeline_test.PipelineTest.test_ptransform_override_multiple_outputs.mux_input",,,,5,0.00,0,,,4,1
Function,"pipeline_test.PipelineTest.test_ptransform_override_type_hints",,,,23,0.00,0,,,14,1
Class,"pipeline_test.PipelineTest.test_ptransform_override_type_hints.NoTypeHintOverride",1,1,3,6,0.00,0,,2,2,0
Function,"pipeline_test.PipelineTest.test_ptransform_override_type_hints.NoTypeHintOverride.get_replacement_transform_for_applied_ptransform",,,,3,0.00,0,,,1,0
Function,"pipeline_test.PipelineTest.test_ptransform_override_type_hints.NoTypeHintOverride.matches",,,,2,0.00,0,,,1,0
Class,"pipeline_test.PipelineTest.test_ptransform_override_type_hints.WithTypeHintOverride",1,1,3,6,0.00,0,,2,2,0
Function,"pipeline_test.PipelineTest.test_ptransform_override_type_hints.WithTypeHintOverride.get_replacement_transform_for_applied_ptransform",,,,3,0.00,0,,,1,0
Function,"pipeline_test.PipelineTest.test_ptransform_override_type_hints.WithTypeHintOverride.matches",,,,2,0.00,0,,,1,0
Function,"pipeline_test.PipelineTest.test_reuse_cloned_custom_transform_instance",,,,9,0.00,0,,,8,1
Function,"pipeline_test.PipelineTest.test_track_pcoll_bounded",,,,8,0.00,0,,,7,0
Function,"pipeline_test.PipelineTest.test_track_pcoll_bounded_flatten",,,,12,0.00,0,,,11,0
Function,"pipeline_test.PipelineTest.test_track_pcoll_unbounded",,,,8,0.00,0,,,7,0
Function,"pipeline_test.PipelineTest.test_track_pcoll_unbounded_flatten",,,,12,0.00,0,,,11,0
Function,"pipeline_test.PipelineTest.test_transform_no_super_init",,,,8,0.00,0,,,4,0
Class,"pipeline_test.PipelineTest.test_transform_no_super_init.AddSuffix",1,1,2,5,0.00,0,,2,2,0
Function,"pipeline_test.PipelineTest.test_transform_no_super_init.AddSuffix.__init__",,,,2,0.00,0,,,1,0
Function,"pipeline_test.PipelineTest.test_transform_no_super_init.AddSuffix.expand",,,,2,0.00,0,,,1,0
Class,"pipeline_test.RunnerApiTest",2,7,15,308,0.02,5,,10,260,2
Function,"pipeline_test.RunnerApiTest.test_annotations",,,,29,0.00,0,,,22,2
Class,"pipeline_test.RunnerApiTest.test_annotations.EmptyTransform",1,1,2,5,0.00,0,,2,2,0
Function,"pipeline_test.RunnerApiTest.test_annotations.EmptyTransform.annotations",,,,2,0.00,0,,,1,0
Function,"pipeline_test.RunnerApiTest.test_annotations.EmptyTransform.expand",,,,2,0.00,0,,,1,0
Class,"pipeline_test.RunnerApiTest.test_annotations.NonEmptyTransform",1,1,4,8,0.00,0,,2,5,0
Function,"pipeline_test.RunnerApiTest.test_annotations.NonEmptyTransform.annotations",,,,5,0.00,0,,,4,0
Function,"pipeline_test.RunnerApiTest.test_annotations.NonEmptyTransform.expand",,,,2,0.00,0,,,1,0
Function,"pipeline_test.RunnerApiTest.test_environments_are_deduplicated",,,,65,0.00,0,,,63,0
Function,"pipeline_test.RunnerApiTest.test_environments_are_deduplicated.file_artifact",,,,9,0.00,0,,,8,0
Function,"pipeline_test.RunnerApiTest.test_environments_with_same_resource_hints_are_reused",,,,58,0.00,0,,,54,2
Class,"pipeline_test.RunnerApiTest.test_environments_with_same_resource_hints_are_reused.HintIsOdd",0,0,0,2,0.00,0,,0,1,0
Class,"pipeline_test.RunnerApiTest.test_environments_with_same_resource_hints_are_reused.HintX",0,0,0,2,0.00,0,,0,1,0
Class,"pipeline_test.RunnerApiTest.test_environments_with_same_resource_hints_are_reused.HintY",0,0,0,2,0.00,0,,0,1,0
Function,"pipeline_test.RunnerApiTest.test_hints_on_composite_transforms_are_propagated_to_subtransforms",,,,59,0.02,1,,,46,2
Class,"pipeline_test.RunnerApiTest.test_hints_on_composite_transforms_are_propagated_to_subtransforms.BarHint",0,0,0,2,0.00,0,,0,1,0
Class,"pipeline_test.RunnerApiTest.test_hints_on_composite_transforms_are_propagated_to_subtransforms.BazHint",0,0,0,2,0.00,0,,0,1,0
Function,"pipeline_test.RunnerApiTest.test_hints_on_composite_transforms_are_propagated_to_subtransforms.CompositeTransform",,,,2,0.00,0,,,1,0
Class,"pipeline_test.RunnerApiTest.test_hints_on_composite_transforms_are_propagated_to_subtransforms.FooHint",0,0,0,2,0.00,0,,0,1,0
Class,"pipeline_test.RunnerApiTest.test_hints_on_composite_transforms_are_propagated_to_subtransforms.QuxHint",0,0,0,2,0.00,0,,0,1,0
Function,"pipeline_test.RunnerApiTest.test_hints_on_composite_transforms_are_propagated_to_subtransforms.SubTransform",,,,3,0.00,0,,,2,0
Class,"pipeline_test.RunnerApiTest.test_hints_on_composite_transforms_are_propagated_to_subtransforms.UseMaxValueHint",1,1,3,6,0.17,1,,1,2,0
Function,"pipeline_test.RunnerApiTest.test_hints_on_composite_transforms_are_propagated_to_subtransforms.UseMaxValueHint.get_merged_value",,,,3,0.33,1,,,1,0
Function,"pipeline_test.RunnerApiTest.test_input_names",,,,15,0.07,1,,,12,2
Class,"pipeline_test.RunnerApiTest.test_input_names.MyPTransform",1,1,2,3,0.00,0,,1,1,0
Function,"pipeline_test.RunnerApiTest.test_input_names.MyPTransform.expand",,,,2,0.00,0,,,1,0
Function,"pipeline_test.RunnerApiTest.test_multiple_application_of_the_same_transform_set_different_hints",,,,37,0.03,1,,,27,2
Function,"pipeline_test.RunnerApiTest.test_multiple_application_of_the_same_transform_set_different_hints.CompositeTransform",,,,6,0.00,0,,,5,0
Class,"pipeline_test.RunnerApiTest.test_multiple_application_of_the_same_transform_set_different_hints.FooHint",0,0,0,2,0.00,0,,0,1,0
Function,"pipeline_test.RunnerApiTest.test_multiple_application_of_the_same_transform_set_different_hints.SubTransform",,,,2,0.00,0,,,1,0
Class,"pipeline_test.RunnerApiTest.test_multiple_application_of_the_same_transform_set_different_hints.UseMaxValueHint",1,1,3,6,0.17,1,,1,2,0
Function,"pipeline_test.RunnerApiTest.test_multiple_application_of_the_same_transform_set_different_hints.UseMaxValueHint.get_merged_value",,,,3,0.33,1,,,1,0
Function,"pipeline_test.RunnerApiTest.test_parent_pointer",,,,12,0.08,1,,,9,0
Class,"pipeline_test.RunnerApiTest.test_parent_pointer.MyPTransform",1,1,3,4,0.00,0,,1,2,0
Function,"pipeline_test.RunnerApiTest.test_parent_pointer.MyPTransform.expand",,,,3,0.00,0,,,2,0
Function,"pipeline_test.RunnerApiTest.test_requirements",,,,9,0.00,0,,,8,0
Function,"pipeline_test.RunnerApiTest.test_runner_api_roundtrip_preserves_resource_hints",,,,13,0.00,0,,,12,1
Function,"pipeline_test.RunnerApiTest.test_transform_ids",,,,10,0.10,1,,,7,1
Class,"pipeline_test.RunnerApiTest.test_transform_ids.MyPTransform",1,1,3,4,0.00,0,,1,2,0
Function,"pipeline_test.RunnerApiTest.test_transform_ids.MyPTransform.expand",,,,3,0.00,0,,,2,0
Class,"pipeline_test.ToStringParDo",1,1,2,3,0.00,0,,1,1,0
Function,"pipeline_test.ToStringParDo.expand",,,,2,0.00,0,,,1,0
Class,"pipeline_test.TripleParDo",1,1,2,3,0.00,0,,1,1,0
Function,"pipeline_test.TripleParDo.expand",,,,2,0.00,0,,,1,0
Class,"pipeline_test._TestContext",1,1,2,9,0.00,0,,3,5,0
Function,"pipeline_test._TestContext.__enter__",,,,3,0.00,0,,,2,0
Function,"pipeline_test._TestContext.__exit__",,,,2,0.00,0,,,1,0
Function,"pipeline_test._TestContext.__init__",,,,2,0.00,0,,,1,0
Module File,"pipeline_test.py",1,7,9,868,0.01,11,45,,663,3
Class,"pubsub.PubsubMessage",3,12,10,75,0.52,39,,7,59,3
Function,"pubsub.PubsubMessage.__eq__",,,,3,0.00,0,,,2,0
Function,"pubsub.PubsubMessage.__hash__",,,,2,0.00,0,,,1,0
Function,"pubsub.PubsubMessage.__init__",,,,15,0.00,0,,,8,1
Function,"pubsub.PubsubMessage.__repr__",,,,2,0.00,0,,,1,0
Function,"pubsub.PubsubMessage._from_message",,,,10,0.30,3,,,9,1
Function,"pubsub.PubsubMessage._from_proto_str",,,,9,0.78,7,,,8,0
Function,"pubsub.PubsubMessage._to_proto_str",,,,31,0.42,13,,,30,3
Class,"pubsub.ReadFromPubSub",1,1,12,14,0.86,12,,1,6,0
Function,"pubsub.ReadFromPubSub.__init__",,,,12,0.67,8,,,5,0
Module File,"pubsub.py",3,12,11,102,0.50,51,2,,74,3
Class,"pubsub_test.TestMultiReadFromPubSubOverride",2,3,24,95,0.00,0,,4,90,2
Function,"pubsub_test.TestMultiReadFromPubSubOverride.test_expand_with_multiple_sources",,,,27,0.00,0,,,26,2
Function,"pubsub_test.TestMultiReadFromPubSubOverride.test_expand_with_multiple_sources_and_attributes",,,,29,0.00,0,,,28,2
Function,"pubsub_test.TestMultiReadFromPubSubOverride.test_expand_with_multiple_sources_and_other_options",,,,31,0.00,0,,,30,1
Function,"pubsub_test.TestMultiReadFromPubSubOverride.test_expand_with_wrong_source",,,,7,0.00,0,,,6,1
Class,"pubsub_test.TestPubSubReadEvaluator",1,1,3,13,0.08,1,,4,8,0
Function,"pubsub_test.TestPubSubReadEvaluator.__init__",,,,2,0.00,0,,,1,0
Function,"pubsub_test.TestPubSubReadEvaluator.finish_bundle",,,,5,0.00,0,,,4,0
Function,"pubsub_test.TestPubSubReadEvaluator.process_element",,,,2,0.00,0,,,1,0
Function,"pubsub_test.TestPubSubReadEvaluator.start_bundle",,,,2,0.00,0,,,1,0
Class,"pubsub_test.TestPubSubSink",1,1,13,14,0.00,0,,1,12,0
Function,"pubsub_test.TestPubSubSink.test_display_data",,,,13,0.00,0,,,12,0
Class,"pubsub_test.TestPubSubSource",1,1,9,29,0.00,0,,3,25,0
Function,"pubsub_test.TestPubSubSource.test_display_data_no_subscription",,,,8,0.00,0,,,7,0
Function,"pubsub_test.TestPubSubSource.test_display_data_subscription",,,,11,0.00,0,,,10,0
Function,"pubsub_test.TestPubSubSource.test_display_data_topic",,,,9,0.00,0,,,8,0
Class,"pubsub_test.TestPubsubMessage",1,2,8,59,0.00,0,,7,49,2
Function,"pubsub_test.TestPubsubMessage.test_eq",,,,7,0.00,0,,,6,0
Function,"pubsub_test.TestPubsubMessage.test_hash",,,,7,0.00,0,,,6,0
Function,"pubsub_test.TestPubsubMessage.test_payload_invalid",,,,5,0.00,0,,,4,1
Function,"pubsub_test.TestPubsubMessage.test_payload_publish_invalid",,,,19,0.00,0,,,18,2
Function,"pubsub_test.TestPubsubMessage.test_payload_valid",,,,4,0.00,0,,,3,0
Function,"pubsub_test.TestPubsubMessage.test_proto_conversion",,,,7,0.00,0,,,6,0
Function,"pubsub_test.TestPubsubMessage.test_repr",,,,7,0.00,0,,,6,0
Class,"pubsub_test.TestReadFromPubSub",1,2,25,305,0.00,0,,12,291,2
Function,"pubsub_test.TestReadFromPubSub.test_read_data_success",,,,17,0.00,0,,,16,1
Function,"pubsub_test.TestReadFromPubSub.test_read_from_pubsub_no_overwrite",,,,21,0.00,0,,,20,2
Function,"pubsub_test.TestReadFromPubSub.test_read_message_id_label_unsupported",,,,9,0.00,0,,,8,2
Function,"pubsub_test.TestReadFromPubSub.test_read_messages_success",,,,30,0.00,0,,,29,1
Function,"pubsub_test.TestReadFromPubSub.test_read_messages_timestamp_attribute_fail_parse",,,,26,0.00,0,,,25,1
Function,"pubsub_test.TestReadFromPubSub.test_read_messages_timestamp_attribute_milli_success",,,,32,0.00,0,,,31,1
Function,"pubsub_test.TestReadFromPubSub.test_read_messages_timestamp_attribute_missing",,,,33,0.00,0,,,32,1
Function,"pubsub_test.TestReadFromPubSub.test_read_messages_timestamp_attribute_rfc3339_success",,,,32,0.00,0,,,31,1
Function,"pubsub_test.TestReadFromPubSub.test_read_strings_success",,,,19,0.00,0,,,18,1
Function,"pubsub_test.TestReadFromPubSub.test_runner_api_transformation_properties_none",,,,19,0.00,0,,,18,0
Function,"pubsub_test.TestReadFromPubSub.test_runner_api_transformation_with_subscription",,,,34,0.00,0,,,32,0
Function,"pubsub_test.TestReadFromPubSub.test_runner_api_transformation_with_topic",,,,32,0.00,0,,,31,0
Class,"pubsub_test.TestReadFromPubSubOverride",1,1,16,79,0.00,0,,5,73,1
Function,"pubsub_test.TestReadFromPubSubOverride.test_expand_with_both_topic_and_subscription",,,,9,0.00,0,,,8,1
Function,"pubsub_test.TestReadFromPubSubOverride.test_expand_with_no_topic_or_subscription",,,,9,0.00,0,,,8,1
Function,"pubsub_test.TestReadFromPubSubOverride.test_expand_with_other_options",,,,20,0.00,0,,,19,0
Function,"pubsub_test.TestReadFromPubSubOverride.test_expand_with_subscription",,,,20,0.00,0,,,19,0
Function,"pubsub_test.TestReadFromPubSubOverride.test_expand_with_topic",,,,20,0.00,0,,,19,0
Class,"pubsub_test.TestWriteStringsToPubSubOverride",1,1,16,32,0.00,0,,2,29,0
Function,"pubsub_test.TestWriteStringsToPubSubOverride.test_expand",,,,18,0.00,0,,,17,0
Function,"pubsub_test.TestWriteStringsToPubSubOverride.test_expand_deprecated",,,,13,0.00,0,,,12,0
Class,"pubsub_test.TestWriteToPubSub",1,1,17,154,0.00,0,,9,144,2
Function,"pubsub_test.TestWriteToPubSub.test_runner_api_transformation",,,,24,0.00,0,,,23,0
Function,"pubsub_test.TestWriteToPubSub.test_runner_api_transformation_properties_none",,,,22,0.00,0,,,21,0
Function,"pubsub_test.TestWriteToPubSub.test_write_messages_deprecated",,,,13,0.00,0,,,12,1
Function,"pubsub_test.TestWriteToPubSub.test_write_messages_success",,,,13,0.00,0,,,12,1
Function,"pubsub_test.TestWriteToPubSub.test_write_messages_unsupported_features",,,,28,0.00,0,,,27,2
Function,"pubsub_test.TestWriteToPubSub.test_write_messages_with_attributes_error",,,,12,0.00,0,,,11,2
Function,"pubsub_test.TestWriteToPubSub.test_write_messages_with_attributes_success",,,,14,0.00,0,,,13,1
Function,"pubsub_test.TestWriteToPubSub.test_write_to_pubsub_no_overwrite",,,,13,0.00,0,,,12,1
Function,"pubsub_test.TestWriteToPubSub.test_write_to_pubsub_with_attributes_no_overwrite",,,,14,0.00,0,,,13,1
Module File,"pubsub_test.py",1,3,16,836,0.00,3,9,,730,2
Class,"schemas.ByteArrayWrapper",1,2,2,14,0.00,0,,5,7,1
Function,"schemas.ByteArrayWrapper.__eq__",,,,4,0.00,0,,,3,1
Function,"schemas.ByteArrayWrapper.__hash__",,,,2,0.00,0,,,1,0
Function,"schemas.ByteArrayWrapper.__init__",,,,2,0.00,0,,,1,0
Function,"schemas.ByteArrayWrapper.__str__",,,,2,0.00,0,,,1,0
Function,"schemas.ByteArrayWrapper.wrap",,,,2,0.00,0,,,1,0
Class,"schemas.Field",1,2,3,18,0.00,0,,6,10,1
Function,"schemas.Field.__eq__",,,,4,0.00,0,,,3,1
Function,"schemas.Field.__hash__",,,,2,0.00,0,,,1,0
Function,"schemas.Field.__init__",,,,4,0.00,0,,,3,0
Function,"schemas.Field.get_name",,,,2,0.00,0,,,1,0
Function,"schemas.Field.get_type",,,,2,0.00,0,,,1,0
Function,"schemas.Field.of",,,,2,0.00,0,,,1,0
Class,"schemas.FieldType",1,1,2,4,0.00,0,,1,1,0
Function,"schemas.FieldType.of",,,,2,0.00,0,,,1,0
Class,"schemas.Options",1,1,2,11,0.00,0,,2,4,0
Class,"schemas.Options.Builder",1,1,2,5,0.00,0,,2,2,0
Function,"schemas.Options.Builder.__init__",,,,2,0.00,0,,,1,0
Function,"schemas.Options.Builder.build",,,,2,0.00,0,,,1,0
Function,"schemas.Options.none",,,,2,0.00,0,,,1,0
Function,"schemas.Options.to_builder",,,,2,0.00,0,,,1,0
Class,"schemas.Schema",1,3,3,40,0.00,0,,11,23,1
Class,"schemas.Schema.Builder",1,1,2,8,0.00,0,,3,4,0
Function,"schemas.Schema.Builder.__init__",,,,2,0.00,0,,,1,0
Function,"schemas.Schema.Builder.add_field",,,,3,0.00,0,,,2,0
Function,"schemas.Schema.Builder.build",,,,2,0.00,0,,,1,0
Function,"schemas.Schema.__eq__",,,,6,0.00,0,,,5,1
Function,"schemas.Schema.__hash__",,,,2,0.00,0,,,1,0
Function,"schemas.Schema.__init__",,,,6,0.00,0,,,5,0
Function,"schemas.Schema.__str__",,,,2,0.00,0,,,1,0
Function,"schemas.Schema.builder",,,,2,0.00,0,,,1,0
Function,"schemas.Schema.get_field",,,,2,0.00,0,,,1,0
Function,"schemas.Schema.get_field_by_name",,,,2,0.00,0,,,1,0
Function,"schemas.Schema.get_field_count",,,,2,0.00,0,,,1,0
Function,"schemas.Schema.get_fields",,,,2,0.00,0,,,1,0
Function,"schemas.Schema.has_field",,,,2,0.00,0,,,1,0
Function,"schemas.Schema.index_of",,,,2,0.00,0,,,1,0
Module File,"schemas.py",1,3,3,92,0.02,2,7,,46,1
Class,"schemas_test.SchemasTest",1,2,10,136,0.00,0,,12,118,2
Function,"schemas_test.SchemasTest.assert_typehints_equal",,,,13,0.00,0,,,11,1
Function,"schemas_test.SchemasTest.assert_typehints_equal.maybe_drop_rowtypeconstraint",,,,5,0.00,0,,,4,1
Function,"schemas_test.SchemasTest.test_batch_with_df_transform",,,,31,0.00,0,,,30,2
Function,"schemas_test.SchemasTest.test_bytes_proxy_roundtrip",,,,6,0.00,0,,,5,0
Function,"schemas_test.SchemasTest.test_generate_proxy",,,,6,0.00,0,,,5,0
Function,"schemas_test.SchemasTest.test_generate_proxy_beam_typehint",,,,4,0.00,0,,,3,0
Function,"schemas_test.SchemasTest.test_nice_types_proxy_roundtrip",,,,4,0.00,0,,,3,0
Function,"schemas_test.SchemasTest.test_simple_df",,,,15,0.00,0,,,14,1
Function,"schemas_test.SchemasTest.test_simple_df_with_beam_row",,,,18,0.00,0,,,17,1
Function,"schemas_test.SchemasTest.test_unbatch_datetime",,,,10,0.00,0,,,9,1
Function,"schemas_test.SchemasTest.test_unbatch_include_index_column_conflict_raises",,,,8,0.00,0,,,7,2
Function,"schemas_test.SchemasTest.test_unbatch_include_index_nonunique_index_raises",,,,9,0.00,0,,,8,2
Function,"schemas_test.SchemasTest.test_unbatch_include_index_unnamed_index_raises",,,,7,0.00,0,,,6,2
Function,"schemas_test.matches_df",,,,9,0.00,0,,,7,0
Function,"schemas_test.matches_df.check_df_pcoll_equal",,,,7,0.00,0,,,6,0
Module File,"schemas_test.py",1,3,10,237,0.01,2,1,,202,2
Class,"spannerio.CreateTransaction",2,3,4,18,0.00,0,,4,13,1
Function,"spannerio.CreateTransaction.__init__",,,,3,0.00,0,,,2,0
Function,"spannerio.CreateTransaction.expand",,,,8,0.00,0,,,7,1
Function,"spannerio.CreateTransaction.withSpannerConfig",,,,3,0.00,0,,,2,0
Function,"spannerio.CreateTransaction.withTimestampBound",,,,3,0.00,0,,,2,0
Class,"spannerio.Read",1,4,5,37,0.00,0,,7,29,1
Function,"spannerio.Read.__init__",,,,10,0.00,0,,,9,0
Function,"spannerio.Read.expand",,,,11,0.00,0,,,10,1
Function,"spannerio.Read.withBatching",,,,3,0.00,0,,,2,0
Function,"spannerio.Read.withReadOperation",,,,3,0.00,0,,,2,0
Function,"spannerio.Read.withSpannerConfig",,,,3,0.00,0,,,2,0
Function,"spannerio.Read.withTimestampBound",,,,3,0.00,0,,,2,0
Function,"spannerio.Read.withTransaction",,,,3,0.00,0,,,2,0
Class,"spannerio.ReadAll",1,3,4,23,0.00,0,,6,16,1
Function,"spannerio.ReadAll.__init__",,,,4,0.00,0,,,3,0
Function,"spannerio.ReadAll.expand",,,,6,0.00,0,,,5,1
Function,"spannerio.ReadAll.withBatching",,,,3,0.00,0,,,2,0
Function,"spannerio.ReadAll.withSpannerConfig",,,,3,0.00,0,,,2,0
Function,"spannerio.ReadAll.withTimestampBound",,,,3,0.00,0,,,2,0
Function,"spannerio.ReadAll.withTransaction",,,,3,0.00,0,,,2,0
Class,"spannerio.ReadChangeStream",1,1,3,14,0.07,1,,4,9,0
Function,"spannerio.ReadChangeStream.__init__",,,,5,0.00,0,,,4,0
Function,"spannerio.ReadChangeStream.expand",,,,2,0.50,1,,,1,0
Function,"spannerio.ReadChangeStream.withChangeStreamName",,,,3,0.00,0,,,2,0
Function,"spannerio.ReadChangeStream.withSpannerConfig",,,,3,0.00,0,,,2,0
Class,"spannerio.SpannerIO",1,1,2,21,0.05,1,,5,10,0
Function,"spannerio.SpannerIO.createTransaction",,,,2,0.00,0,,,1,0
Function,"spannerio.SpannerIO.read",,,,2,0.00,0,,,1,0
Function,"spannerio.SpannerIO.readAll",,,,2,0.00,0,,,1,0
Function,"spannerio.SpannerIO.readChangeStream",,,,2,0.00,0,,,1,0
Function,"spannerio.SpannerIO.write",,,,2,0.00,0,,,1,0
Class,"spannerio.Write",1,1,4,16,0.00,0,,4,11,0
Function,"spannerio.Write.__init__",,,,6,0.00,0,,,5,0
Function,"spannerio.Write.expand",,,,3,0.00,0,,,2,0
Function,"spannerio.Write.withBatchSizeBytes",,,,3,0.00,0,,,2,0
Function,"spannerio.Write.withSpannerConfig",,,,3,0.00,0,,,2,0
Module File,"spannerio.py",1,4,4,134,0.02,3,6,,88,1
Class,"spannerio_test.SpannerReadTest",1,1,48,290,0.00,0,,6,279,1
Function,"spannerio_test.SpannerReadTest.test_display_data",,,,25,0.00,0,,,24,0
Function,"spannerio_test.SpannerReadTest.test_invalid_transaction",,,,14,0.00,0,,,12,1
Function,"spannerio_test.SpannerReadTest.test_read_with_index",,,,59,0.00,0,,,58,1
Function,"spannerio_test.SpannerReadTest.test_read_with_query_batch",,,,47,0.00,0,,,45,1
Function,"spannerio_test.SpannerReadTest.test_read_with_table_batch",,,,60,0.00,0,,,58,1
Function,"spannerio_test.SpannerReadTest.test_read_with_transaction",,,,84,0.00,0,,,82,1
Class,"spannerio_test.SpannerWriteTest",1,1,20,184,0.00,0,,9,170,1
Function,"spannerio_test.SpannerWriteTest.test_batch_byte_size",,,,19,0.00,0,,,17,1
Function,"spannerio_test.SpannerWriteTest.test_batch_disable",,,,18,0.00,0,,,17,1
Function,"spannerio_test.SpannerWriteTest.test_batch_max_cells",,,,22,0.00,0,,,20,1
Function,"spannerio_test.SpannerWriteTest.test_batch_max_rows",,,,21,0.00,0,,,20,1
Function,"spannerio_test.SpannerWriteTest.test_display_data",,,,13,0.00,0,,,12,0
Function,"spannerio_test.SpannerWriteTest.test_spanner_bundles_size",,,,24,0.00,0,,,22,0
Function,"spannerio_test.SpannerWriteTest.test_spanner_write",,,,28,0.00,0,,,27,0
Function,"spannerio_test.SpannerWriteTest.test_spanner_write_mutation_groups",,,,35,0.00,0,,,33,0
Function,"spannerio_test.SpannerWriteTest.test_write_mutation_error",,,,3,0.00,0,,,2,1
Function,"spannerio_test._generate_database_name",,,,5,0.00,0,,,4,0
Function,"spannerio_test._generate_test_data",,,,7,0.00,0,,,6,0
Module File,"spannerio_test.py",1,3,28,529,0.00,0,2,,472,1
Class,"textio.TextIO",1,1,4,69,0.00,0,,2,46,0
Class,"textio.TextIO.Read",1,1,4,28,0.00,0,,7,20,0
Function,"textio.TextIO.Read.__init__",,,,7,0.00,0,,,6,0
Function,"textio.TextIO.Read.expand",,,,3,0.00,0,,,2,0
Function,"textio.TextIO.Read.from_",,,,4,0.00,0,,,3,0
Function,"textio.TextIO.Read.with_compression",,,,3,0.00,0,,,2,0
Function,"textio.TextIO.Read.with_delimiter",,,,4,0.00,0,,,3,0
Function,"textio.TextIO.Read.with_match_configuration",,,,3,0.00,0,,,2,0
Function,"textio.TextIO.Read.with_skip_header_lines",,,,3,0.00,0,,,2,0
Class,"textio.TextIO.Write",1,1,4,33,0.00,0,,9,23,0
Function,"textio.TextIO.Write.__init__",,,,8,0.00,0,,,7,0
Function,"textio.TextIO.Write.expand",,,,3,0.00,0,,,2,0
Function,"textio.TextIO.Write.to",,,,3,0.00,0,,,2,0
Function,"textio.TextIO.Write.with_delimiter",,,,3,0.00,0,,,2,0
Function,"textio.TextIO.Write.with_footer",,,,3,0.00,0,,,2,0
Function,"textio.TextIO.Write.with_header",,,,3,0.00,0,,,2,0
Function,"textio.TextIO.Write.with_num_shards",,,,3,0.00,0,,,2,0
Function,"textio.TextIO.Write.with_suffix",,,,3,0.00,0,,,2,0
Function,"textio.TextIO.Write.with_temp_directory",,,,3,0.00,0,,,2,0
Function,"textio.TextIO.read",,,,2,0.00,0,,,1,0
Function,"textio.TextIO.write",,,,2,0.00,0,,,1,0
Module File,"textio.py",1,1,4,73,0.03,2,3,,47,0
Class,"textio_test.DummyCoder",1,1,2,7,0.00,0,,3,3,0
Function,"textio_test.DummyCoder.decode",,,,2,0.00,0,,,1,0
Function,"textio_test.DummyCoder.encode",,,,2,0.00,0,,,1,0
Function,"textio_test.DummyCoder.to_type_hint",,,,2,0.00,0,,,1,0
Class,"textio_test.EOL",0,0,0,6,0.00,0,,0,5,0
Class,"textio_test.TextSinkTest",1,2,7,195,0.03,5,,26,168,2
Function,"textio_test.TextSinkTest._create_temp_file",,,,6,0.00,0,,,5,1
Function,"textio_test.TextSinkTest._write_lines",,,,5,0.00,0,,,4,1
Function,"textio_test.TextSinkTest.setUp",,,,5,0.00,0,,,4,0
Function,"textio_test.TextSinkTest.tearDown",,,,3,0.00,0,,,2,1
Function,"textio_test.TextSinkTest.test_write_bzip2_file",,,,5,0.00,0,,,4,1
Function,"textio_test.TextSinkTest.test_write_bzip2_file_auto",,,,6,0.00,0,,,5,1
Function,"textio_test.TextSinkTest.test_write_deflate_file",,,,5,0.00,0,,,4,1
Function,"textio_test.TextSinkTest.test_write_deflate_file_auto",,,,6,0.00,0,,,5,1
Function,"textio_test.TextSinkTest.test_write_deflate_file_empty",,,,5,0.00,0,,,4,1
Function,"textio_test.TextSinkTest.test_write_empty",,,,7,0.00,0,,,6,1
Function,"textio_test.TextSinkTest.test_write_empty_skipped",,,,5,0.00,0,,,4,1
Function,"textio_test.TextSinkTest.test_write_gzip_file",,,,5,0.00,0,,,4,1
Function,"textio_test.TextSinkTest.test_write_gzip_file_auto",,,,6,0.00,0,,,5,1
Function,"textio_test.TextSinkTest.test_write_gzip_file_empty",,,,5,0.00,0,,,4,1
Function,"textio_test.TextSinkTest.test_write_max_bytes_per_shard",,,,23,0.00,0,,,22,2
Function,"textio_test.TextSinkTest.test_write_max_records_per_shard",,,,13,0.00,0,,,12,2
Function,"textio_test.TextSinkTest.test_write_pipeline",,,,9,0.11,1,,,8,2
Function,"textio_test.TextSinkTest.test_write_pipeline_auto_compression",,,,9,0.11,1,,,8,2
Function,"textio_test.TextSinkTest.test_write_pipeline_auto_compression_unsharded",,,,11,0.09,1,,,10,2
Function,"textio_test.TextSinkTest.test_write_pipeline_footer",,,,13,0.08,1,,,12,2
Function,"textio_test.TextSinkTest.test_write_pipeline_header",,,,14,0.07,1,,,13,2
Function,"textio_test.TextSinkTest.test_write_text_file",,,,5,0.00,0,,,4,1
Function,"textio_test.TextSinkTest.test_write_text_file_empty",,,,5,0.00,0,,,4,1
Function,"textio_test.TextSinkTest.test_write_text_file_empty_with_header",,,,6,0.00,0,,,5,1
Function,"textio_test.TextSinkTest.test_write_text_file_with_footer",,,,6,0.00,0,,,5,1
Function,"textio_test.TextSinkTest.test_write_text_file_with_header",,,,6,0.00,0,,,5,1
Class,"textio_test.TextSourceTest",1,3,12,1066,0.03,35,,83,970,3
Class,"textio_test.TextSourceTest._WriteFilesFn",2,2,7,15,0.07,1,,2,12,2
Function,"textio_test.TextSourceTest._WriteFilesFn.__init__",,,,2,0.00,0,,,1,0
Function,"textio_test.TextSourceTest._WriteFilesFn.process",,,,11,0.00,0,,,10,2
Function,"textio_test.TextSourceTest._read_skip_header_lines",,,,10,0.10,1,,,9,0
Function,"textio_test.TextSourceTest._remove_lines",,,,9,1.00,9,,,8,1
Function,"textio_test.TextSourceTest._run_read_test",,,,24,0.00,0,,,16,1
Function,"textio_test.TextSourceTest.test_custom_delimiter_read_all_single_file",,,,8,0.25,2,,,7,1
Function,"textio_test.TextSourceTest.test_custom_delimiter_read_from_text",,,,7,0.29,2,,,6,1
Function,"textio_test.TextSourceTest.test_dynamic_work_rebalancing",,,,13,0.00,0,,,12,0
Function,"textio_test.TextSourceTest.test_dynamic_work_rebalancing_mixed_eol",,,,16,0.00,0,,,15,0
Function,"textio_test.TextSourceTest.test_dynamic_work_rebalancing_windows_eol",,,,16,0.00,0,,,15,0
Function,"textio_test.TextSourceTest.test_header_processing",,,,23,0.00,0,,,20,0
Function,"textio_test.TextSourceTest.test_header_processing.header_matcher",,,,2,0.00,0,,,1,0
Function,"textio_test.TextSourceTest.test_header_processing.store_header",,,,3,0.00,0,,,2,1
Function,"textio_test.TextSourceTest.test_invalid_delimiters_are_rejected",,,,14,0.00,0,,,13,2
Function,"textio_test.TextSourceTest.test_non_self_overlapping_delimiter_is_accepted",,,,12,0.00,0,,,11,1
Function,"textio_test.TextSourceTest.test_progress",,,,25,0.00,0,,,24,1
Function,"textio_test.TextSourceTest.test_read_after_splitting",,,,15,0.00,0,,,14,0
Function,"textio_test.TextSourceTest.test_read_after_splitting_skip_header",,,,21,0.00,0,,,20,1
Function,"textio_test.TextSourceTest.test_read_all_continuously_new",,,,24,0.00,0,,,23,2
Function,"textio_test.TextSourceTest.test_read_all_continuously_update",,,,25,0.00,0,,,24,2
Function,"textio_test.TextSourceTest.test_read_all_file_pattern",,,,9,0.00,0,,,8,1
Function,"textio_test.TextSourceTest.test_read_all_gzip",,,,13,0.00,0,,,12,2
Function,"textio_test.TextSourceTest.test_read_all_many_file_patterns",,,,15,0.00,0,,,14,1
Function,"textio_test.TextSourceTest.test_read_all_many_single_files",,,,16,0.00,0,,,15,1
Function,"textio_test.TextSourceTest.test_read_all_single_file",,,,7,0.00,0,,,6,1
Function,"textio_test.TextSourceTest.test_read_all_unavailable_files_ignored",,,,18,0.00,0,,,17,1
Function,"textio_test.TextSourceTest.test_read_all_with_filename",,,,9,0.00,0,,,8,1
Function,"textio_test.TextSourceTest.test_read_auto_bzip2",,,,9,0.00,0,,,8,2
Function,"textio_test.TextSourceTest.test_read_auto_deflate",,,,9,0.00,0,,,8,2
Function,"textio_test.TextSourceTest.test_read_auto_gzip",,,,9,0.00,0,,,8,2
Function,"textio_test.TextSourceTest.test_read_bzip2",,,,10,0.00,0,,,9,2
Function,"textio_test.TextSourceTest.test_read_bzip2_concat",,,,33,0.00,0,,,32,2
Function,"textio_test.TextSourceTest.test_read_corrupted_bzip2_fails",,,,13,0.00,0,,,12,3
Function,"textio_test.TextSourceTest.test_read_corrupted_deflate_fails",,,,17,0.00,0,,,16,3
Function,"textio_test.TextSourceTest.test_read_corrupted_gzip_fails",,,,13,0.00,0,,,12,3
Function,"textio_test.TextSourceTest.test_read_crlf_split_by_buffer",,,,4,0.00,0,,,3,0
Function,"textio_test.TextSourceTest.test_read_deflate",,,,10,0.00,0,,,9,2
Function,"textio_test.TextSourceTest.test_read_deflate_concat",,,,33,0.00,0,,,32,2
Function,"textio_test.TextSourceTest.test_read_empty_single_file",,,,5,0.00,0,,,4,0
Function,"textio_test.TextSourceTest.test_read_empty_single_file_no_eol_gzip",,,,8,0.00,0,,,7,1
Function,"textio_test.TextSourceTest.test_read_escaped_cr_before_not_escaped_lf",,,,8,0.00,0,,,7,1
Function,"textio_test.TextSourceTest.test_read_escaped_crlf",,,,7,0.00,0,,,6,0
Function,"textio_test.TextSourceTest.test_read_escaped_crlf_split_by_buffer",,,,10,0.00,0,,,9,0
Function,"textio_test.TextSourceTest.test_read_escaped_custom_delimiter",,,,9,0.00,0,,,8,0
Function,"textio_test.TextSourceTest.test_read_escaped_custom_delimiter_crlf",,,,6,0.00,0,,,5,0
Function,"textio_test.TextSourceTest.test_read_escaped_escapechar_after_splitting",,,,17,0.00,0,,,16,0
Function,"textio_test.TextSourceTest.test_read_escaped_escapechar_after_splitting_many",,,,18,0.06,1,,,17,0
Function,"textio_test.TextSourceTest.test_read_escaped_lf",,,,5,0.00,0,,,4,0
Function,"textio_test.TextSourceTest.test_read_escaped_lf_after_splitting",,,,16,0.00,0,,,15,0
Function,"textio_test.TextSourceTest.test_read_escaped_lf_after_splitting_many",,,,17,0.06,1,,,16,0
Function,"textio_test.TextSourceTest.test_read_escaped_lf_at_buffer_edge",,,,5,0.00,0,,,4,0
Function,"textio_test.TextSourceTest.test_read_file_pattern",,,,10,0.00,0,,,9,0
Function,"textio_test.TextSourceTest.test_read_file_pattern_with_empty_files",,,,12,0.00,0,,,11,0
Function,"textio_test.TextSourceTest.test_read_from_text_file_pattern",,,,6,0.00,0,,,5,1
Function,"textio_test.TextSourceTest.test_read_from_text_single_file",,,,6,0.00,0,,,5,1
Function,"textio_test.TextSourceTest.test_read_from_text_single_file_with_coder",,,,6,0.00,0,,,5,1
Function,"textio_test.TextSourceTest.test_read_from_text_with_file_name_file_pattern",,,,7,0.00,0,,,6,1
Function,"textio_test.TextSourceTest.test_read_from_text_with_file_name_single_file",,,,7,0.00,0,,,6,1
Function,"textio_test.TextSourceTest.test_read_gzip",,,,10,0.00,0,,,9,2
Function,"textio_test.TextSourceTest.test_read_gzip_concat",,,,33,0.00,0,,,32,2
Function,"textio_test.TextSourceTest.test_read_gzip_empty_file",,,,7,0.00,0,,,6,2
Function,"textio_test.TextSourceTest.test_read_gzip_large",,,,10,0.00,0,,,9,2
Function,"textio_test.TextSourceTest.test_read_gzip_large_after_splitting",,,,20,0.00,0,,,19,2
Function,"textio_test.TextSourceTest.test_read_gzip_with_skip_lines",,,,15,0.00,0,,,14,2
Function,"textio_test.TextSourceTest.test_read_reentrant_after_splitting",,,,13,0.00,0,,,12,0
Function,"textio_test.TextSourceTest.test_read_reentrant_without_splitting",,,,10,0.00,0,,,9,0
Function,"textio_test.TextSourceTest.test_read_single_file",,,,4,0.00,0,,,3,0
Function,"textio_test.TextSourceTest.test_read_single_file_larger_than_default_buffer",,,,6,0.00,0,,,5,0
Function,"textio_test.TextSourceTest.test_read_single_file_last_line_no_eol",,,,6,0.00,0,,,5,0
Function,"textio_test.TextSourceTest.test_read_single_file_last_line_no_eol_gzip",,,,10,0.00,0,,,9,1
Function,"textio_test.TextSourceTest.test_read_single_file_mixed_eol",,,,5,0.00,0,,,4,0
Function,"textio_test.TextSourceTest.test_read_single_file_single_line_no_eol",,,,5,0.00,0,,,4,0
Function,"textio_test.TextSourceTest.test_read_single_file_single_line_no_eol_gzip",,,,9,0.00,0,,,8,1
Function,"textio_test.TextSourceTest.test_read_single_file_smaller_than_default_buffer",,,,6,0.00,0,,,5,0
Function,"textio_test.TextSourceTest.test_read_single_file_windows_eol",,,,5,0.00,0,,,4,0
Function,"textio_test.TextSourceTest.test_read_single_file_with_empty_lines",,,,6,0.00,0,,,5,0
Function,"textio_test.TextSourceTest.test_read_single_file_without_striping_eol_crlf",,,,13,0.00,0,,,12,0
Function,"textio_test.TextSourceTest.test_read_single_file_without_striping_eol_lf",,,,13,0.00,0,,,12,0
Function,"textio_test.TextSourceTest.test_read_skip_header_pattern",,,,15,0.00,0,,,14,0
Function,"textio_test.TextSourceTest.test_read_skip_header_pattern_insufficient_lines",,,,15,0.07,1,,,14,0
Function,"textio_test.TextSourceTest.test_read_skip_header_single",,,,9,0.00,0,,,8,0
Function,"textio_test.TextSourceTest.test_read_with_custom_delimiter_around_split_point",,,,23,0.04,1,,,22,2
Function,"textio_test.TextSourceTest.test_read_with_customer_delimiter",,,,24,0.00,0,,,23,1
Function,"textio_test.TextSourceTest.test_read_with_customer_delimiter_over_buffer_size",,,,5,0.60,3,,,4,0
Function,"textio_test.TextSourceTest.test_read_with_customer_delimiter_truncated",,,,20,0.30,6,,,19,0
Function,"textio_test.TextSourceTest.test_read_with_customer_delimiter_truncated_and_not_equal",,,,24,0.29,7,,,23,0
Function,"textio_test.TextSourceTest.test_self_overlapping_delimiter_is_rejected",,,,14,0.00,0,,,13,2
Module File,"textio_test.py",1,10,11,1355,0.05,68,5,,1189,4
Function,"textio_test.write_data",,,,32,0.50,16,,,24,4
Function,"textio_test.write_pattern",,,,17,0.65,11,,,16,2
Class,"trigger.Trigger",2,6,4,62,0.10,6,,11,42,2
Class,"trigger.Trigger.OnceTrigger",1,2,3,10,0.00,0,,3,6,1
Function,"trigger.Trigger.OnceTrigger.__init__",,,,2,0.00,0,,,1,0
Function,"trigger.Trigger.OnceTrigger.getContinuationTrigger",,,,5,0.00,0,,,4,1
Function,"trigger.Trigger.OnceTrigger.mayFinish",,,,2,0.00,0,,,1,0
Function,"trigger.Trigger.__eq__",,,,7,0.00,0,,,6,1
Function,"trigger.Trigger.__hash__",,,,2,0.00,0,,,1,0
Function,"trigger.Trigger.__init__",,,,4,0.00,0,,,3,1
Function,"trigger.Trigger.__str__",,,,8,0.00,0,,,7,1
Function,"trigger.Trigger.getContinuationTrigger",,,,5,0.00,0,,,4,1
Function,"trigger.Trigger.getContinuationTrigger",,,,2,0.00,0,,,1,0
Function,"trigger.Trigger.getWatermarkThatGuaranteesFiring",,,,2,0.00,0,,,1,0
Function,"trigger.Trigger.isCompatible",,,,11,0.00,0,,,10,2
Function,"trigger.Trigger.mayFinish",,,,2,0.00,0,,,1,0
Function,"trigger.Trigger.orFinally",,,,2,0.00,0,,,1,0
Function,"trigger.Trigger.subTriggers",,,,2,0.00,0,,,1,0
Module File,"trigger.py",2,6,4,65,0.09,6,2,,42,2
Class,"trigger_test.BaseTestStreamTranscriptTest",5,14,41,139,0.19,27,,1,115,5
Function,"trigger_test.BaseTestStreamTranscriptTest._execute",,,,138,0.18,25,,,115,5
Class,"trigger_test.BaseTestStreamTranscriptTest._execute.Check",5,9,18,37,0.24,9,,2,26,4
Function,"trigger_test.BaseTestStreamTranscriptTest._execute.Check.__init__",,,,2,0.50,1,,,1,0
Function,"trigger_test.BaseTestStreamTranscriptTest._execute.Check.process",,,,34,0.00,0,,,25,4
Function,"trigger_test.BaseTestStreamTranscriptTest._execute.CheckAggregation",,,,27,0.26,7,,,26,0
Function,"trigger_test.BaseTestStreamTranscriptTest._execute.keyed",,,,2,0.00,0,,,1,0
Class,"trigger_test.BatchTranscriptTest",8,13,38,73,0.00,0,,1,61,5
Function,"trigger_test.BatchTranscriptTest._execute",,,,72,0.00,0,,,61,5
Class,"trigger_test.BatchTranscriptTest._execute.MergeContext",3,3,4,5,0.00,0,,1,3,2
Function,"trigger_test.BatchTranscriptTest._execute.MergeContext.merge",,,,4,0.00,0,,,3,2
Class,"trigger_test.CustomTimestampingFixedWindowsWindowFn",1,1,2,3,0.33,1,,1,1,0
Function,"trigger_test.CustomTimestampingFixedWindowsWindowFn.get_transformed_output_time",,,,2,0.00,0,,,1,0
Class,"trigger_test.MayLoseDataTest",1,1,4,63,0.06,4,,16,46,0
Function,"trigger_test.MayLoseDataTest._test",,,,7,0.00,0,,,6,0
Function,"trigger_test.MayLoseDataTest.test_afer_all_all_may_finish",,,,5,0.00,0,,,4,0
Function,"trigger_test.MayLoseDataTest.test_after_all_some_may_finish",,,,5,0.00,0,,,4,0
Function,"trigger_test.MayLoseDataTest.test_after_any_all_safe",,,,5,0.00,0,,,4,0
Function,"trigger_test.MayLoseDataTest.test_after_any_one_may_finish",,,,5,0.00,0,,,4,0
Function,"trigger_test.MayLoseDataTest.test_after_each_all_may_finish",,,,5,0.00,0,,,4,0
Function,"trigger_test.MayLoseDataTest.test_after_each_at_least_one_safe",,,,5,0.00,0,,,4,0
Function,"trigger_test.MayLoseDataTest.test_after_processing",,,,2,0.00,0,,,1,0
Function,"trigger_test.MayLoseDataTest.test_after_watermark_allowed_lateness_safe_late",,,,5,0.00,0,,,4,0
Function,"trigger_test.MayLoseDataTest.test_after_watermark_no_allowed_lateness",,,,2,0.00,0,,,1,0
Function,"trigger_test.MayLoseDataTest.test_after_watermark_no_allowed_lateness_safe_late",,,,5,0.00,0,,,4,0
Function,"trigger_test.MayLoseDataTest.test_after_watermark_no_late_trigger",,,,2,0.00,0,,,1,0
Function,"trigger_test.MayLoseDataTest.test_always",,,,2,0.00,0,,,1,0
Function,"trigger_test.MayLoseDataTest.test_default_trigger",,,,2,0.00,0,,,1,0
Function,"trigger_test.MayLoseDataTest.test_repeatedly_safe_underlying",,,,3,0.00,0,,,2,0
Function,"trigger_test.MayLoseDataTest.test_repeatedly_unsafe_underlying",,,,2,0.00,0,,,1,0
Class,"trigger_test.TestStreamTranscriptTest",0,0,0,2,0.00,0,,0,1,0
Class,"trigger_test.TranscriptTest",3,7,17,103,0.12,12,,4,90,3
Function,"trigger_test.TranscriptTest._create_test",,,,11,0.00,0,,,10,1
Function,"trigger_test.TranscriptTest._create_tests",,,,4,0.00,0,,,3,1
Function,"trigger_test.TranscriptTest._run_log",,,,80,0.10,8,,,73,0
Function,"trigger_test.TranscriptTest._run_log.only_element",,,,3,0.00,0,,,2,0
Function,"trigger_test.TranscriptTest._run_log.parse",,,,23,0.04,1,,,22,3
Function,"trigger_test.TranscriptTest._run_log.parse_fn",,,,5,0.20,1,,,4,1
Function,"trigger_test.TranscriptTest._run_log.parse_int_list",,,,6,0.17,1,,,5,1
Function,"trigger_test.TranscriptTest._run_log.split_args",,,,16,0.06,1,,,15,2
Function,"trigger_test.TranscriptTest._run_log_test",,,,5,0.00,0,,,4,1
Class,"trigger_test.TriggerDriverTranscriptTest",7,10,38,65,0.05,3,,1,54,5
Function,"trigger_test.TriggerDriverTranscriptTest._execute",,,,64,0.05,3,,,54,5
Function,"trigger_test.TriggerDriverTranscriptTest._execute.fire_timers",,,,11,0.00,0,,,10,3
Class,"trigger_test.TriggerTest",2,11,20,324,0.11,36,,16,291,4
Function,"trigger_test.TriggerTest.run_trigger",,,,60,0.00,0,,,52,4
Function,"trigger_test.TriggerTest.run_trigger_simple",,,,34,0.24,8,,,24,1
Function,"trigger_test.TriggerTest.run_trigger_simple.bundle_data",,,,13,0.00,0,,,12,2
Function,"trigger_test.TriggerTest.test_fixed_after_count",,,,17,0.12,2,,,16,0
Function,"trigger_test.TriggerTest.test_fixed_after_first",,,,18,0.11,2,,,17,0
Function,"trigger_test.TriggerTest.test_fixed_watermark",,,,14,0.07,1,,,13,0
Function,"trigger_test.TriggerTest.test_fixed_watermark_with_early",,,,15,0.13,2,,,14,0
Function,"trigger_test.TriggerTest.test_fixed_watermark_with_early_late",,,,14,0.29,4,,,13,0
Function,"trigger_test.TriggerTest.test_picklable_output",,,,9,0.00,0,,,8,1
Function,"trigger_test.TriggerTest.test_repeatedly_after_first",,,,15,0.07,1,,,14,0
Function,"trigger_test.TriggerTest.test_sessions_after_all",,,,18,0.11,2,,,17,0
Function,"trigger_test.TriggerTest.test_sessions_after_count",,,,13,0.08,1,,,12,0
Function,"trigger_test.TriggerTest.test_sessions_after_each",,,,18,0.11,2,,,17,0
Function,"trigger_test.TriggerTest.test_sessions_default",,,,28,0.07,2,,,27,0
Function,"trigger_test.TriggerTest.test_sessions_repeatedly_after_count",,,,17,0.12,2,,,16,0
Function,"trigger_test.TriggerTest.test_sessions_watermark",,,,11,0.09,1,,,10,0
Function,"trigger_test.TriggerTest.test_sessions_watermark_with_early_late",,,,22,0.27,6,,,21,0
Class,"trigger_test.WeakTestStreamTranscriptTest",0,0,0,2,0.00,0,,0,1,0
Class,"trigger_test._ConcatCombineFn",0,0,0,5,0.40,2,,0,4,0
Function,"trigger_test._windowed_value_info",,,,12,0.50,6,,,11,0
Function,"trigger_test._windowed_value_info_check",,,,26,0.00,0,,,23,3
Function,"trigger_test._windowed_value_info_check.diff",,,,5,0.00,0,,,4,3
Function,"trigger_test._windowed_value_info_check.format",,,,4,0.00,0,,,3,0
Function,"trigger_test._windowed_value_info_map_fn",,,,10,0.00,0,,,4,0
Module File,"trigger_test.py",3,14,17,885,0.44,390,12,,715,5
Class,"window.BoundedWindow",0,0,0,1,2.00,2,,0,0,0
Class,"window.TimestampCombiner",5,5,13,19,0.05,1,,1,14,1
Function,"window.TimestampCombiner.get_impl",,,,13,0.00,0,,,10,1
Abstract Class,"window.WindowFn",1,1,3,34,0.71,24,,5,11,0
Class,"window.WindowFn.AssignContext",1,1,8,9,0.11,1,,1,3,0
Function,"window.WindowFn.AssignContext.__init__",,,,8,0.00,0,,,3,0
Abstract Class,"window.WindowFn.MergeContext",1,1,4,8,0.13,1,,2,2,0
Function,"window.WindowFn.MergeContext.__init__",,,,2,0.00,0,,,1,0
Function,"window.WindowFn.MergeContext.merge",,,,5,0.00,0,,,1,0
Function,"window.WindowFn.assign",,,,3,2.00,6,,,1,0
Function,"window.WindowFn.get_transformed_output_time",,,,3,4.33,13,,,1,0
Function,"window.WindowFn.get_window_coder",,,,2,0.00,0,,,1,0
Function,"window.WindowFn.is_merging",,,,2,0.50,1,,,1,0
Function,"window.WindowFn.merge",,,,2,0.50,1,,,1,0
Module File,"window.py",1,5,4,78,0.36,28,5,,38,1
Class,"window_test.ReifyWindowsFn",1,1,3,4,0.00,0,,1,2,0
Function,"window_test.ReifyWindowsFn.process",,,,3,0.00,0,,,2,0
Class,"window_test.TestCustomWindows",2,3,5,11,0.27,3,,2,8,1
Function,"window_test.TestCustomWindows.assign",,,,8,0.00,0,,,7,1
Function,"window_test.TestCustomWindows.get_window_coder",,,,2,0.00,0,,,1,0
Class,"window_test.WindowTest",1,1,8,62,2.53,157,,8,53,1
Function,"window_test.WindowTest.test_custom_windows",,,,12,0.08,1,,,11,1
Function,"window_test.WindowTest.test_fixed_windows",,,,13,0.23,3,,,12,0
Function,"window_test.WindowTest.test_global_window",,,,7,0.00,0,,,6,0
Function,"window_test.WindowTest.test_sliding_windows_assignment",,,,8,0.00,0,,,7,0
Function,"window_test.WindowTest.test_sliding_windows_assignment_fraction",,,,6,0.00,0,,,5,0
Function,"window_test.WindowTest.test_sliding_windows_assignment_fraction_large_offset",,,,6,0.00,0,,,5,0
Function,"window_test.WindowTest.test_timestamped_value_cmp",,,,5,0.00,0,,,4,0
Function,"window_test.WindowTest.timestamped_key_values",,,,4,0.00,0,,,3,0
Function,"window_test.context",,,,2,0.00,0,,,1,0
Module File,"window_test.py",1,3,6,102,2.25,230,3,,66,1
